document_id,profile_rows,reason
907,1,no_current_operative_provision
909,1,no_current_operative_provision
975,1,no_current_operative_provision
983,1,no_current_operative_provision
992,1,no_current_operative_provision
1105,1,no_current_operative_provision
1112,1,no_current_operative_provision
1199,1,no_current_operative_provision
1339,1,no_current_operative_provision
1366,1,no_current_operative_provision
1417,1,no_current_operative_provision
1433,1,no_current_operative_provision
1464,1,no_current_operative_provision
1516,1,no_current_operative_provision
1579,1,no_current_operative_provision
1586,1,no_current_operative_provision
1605,1,no_current_operative_provision
1608,1,no_current_operative_provision
1610,1,no_current_operative_provision
1617,1,no_current_operative_provision
1621,1,no_current_operative_provision
1628,1,no_current_operative_provision
1647,1,no_current_operative_provision
1666,1,no_current_operative_provision
1670,1,no_current_operative_provision
1673,1,no_current_operative_provision
1674,1,no_current_operative_provision
1679,1,no_current_operative_provision
1693,1,no_current_operative_provision
1708,1,no_current_operative_provision
1713,1,no_current_operative_provision
1717,1,no_current_operative_provision
1740,1,no_current_operative_provision
1749,1,no_current_operative_provision
1790,1,no_current_operative_provision
1801,1,no_current_operative_provision
1814,1,no_current_operative_provision
1832,1,no_current_operative_provision
1865,1,no_current_operative_provision
1871,1,no_current_operative_provision
1881,1,no_current_operative_provision
1913,1,no_current_operative_provision
1945,2,no_current_operative_provision
1955,1,no_current_operative_provision
1988,1,no_current_operative_provision
1997,1,no_current_operative_provision
2010,1,no_current_operative_provision
2053,1,no_current_operative_provision
2064,2,no_current_operative_provision
2068,1,no_current_operative_provision
2069,1,no_current_operative_provision
2077,1,no_current_operative_provision
2080,1,no_current_operative_provision
2114,1,no_current_operative_provision
2125,1,no_current_operative_provision
2128,1,no_current_operative_provision
2152,1,no_current_operative_provision
2156,1,no_current_operative_provision
2176,1,no_current_operative_provision
2181,1,no_current_operative_provision
2182,1,no_current_operative_provision
2183,1,no_current_operative_provision
2199,1,no_current_operative_provision
2216,1,no_current_operative_provision
2227,1,no_current_operative_provision
2233,1,no_current_operative_provision
2243,1,no_current_operative_provision
2258,1,no_current_operative_provision
2269,1,no_current_operative_provision
2278,1,no_current_operative_provision
2294,1,no_current_operative_provision
2297,1,no_current_operative_provision
2299,1,no_current_operative_provision
2303,1,no_current_operative_provision
2308,1,no_current_operative_provision
2339,1,no_current_operative_provision
2349,1,no_current_operative_provision
2351,1,no_current_operative_provision
2367,2,no_current_operative_provision
2368,1,no_current_operative_provision
2384,1,no_current_operative_provision
2386,1,no_current_operative_provision
2393,1,no_current_operative_provision
2396,2,no_current_operative_provision
2405,1,no_current_operative_provision
2421,1,no_current_operative_provision
2424,1,no_current_operative_provision
2428,1,no_current_operative_provision
2435,1,no_current_operative_provision
2439,1,no_current_operative_provision
2469,1,no_current_operative_provision
2477,1,no_current_operative_provision
2481,1,no_current_operative_provision
2483,1,no_current_operative_provision
2484,1,no_current_operative_provision
2491,1,no_current_operative_provision
2494,1,no_current_operative_provision
2497,1,no_current_operative_provision
2502,1,no_current_operative_provision
2503,1,no_current_operative_provision
2504,1,no_current_operative_provision
2510,1,no_current_operative_provision
2521,1,no_current_operative_provision
2523,1,no_current_operative_provision
2525,1,no_current_operative_provision
2532,1,no_current_operative_provision
2533,1,no_current_operative_provision
2534,1,no_current_operative_provision
2540,1,no_current_operative_provision
2544,1,no_current_operative_provision
2545,1,no_current_operative_provision
2547,1,no_current_operative_provision
2561,1,no_current_operative_provision
2562,1,no_current_operative_provision
2564,1,no_current_operative_provision
2565,1,no_current_operative_provision
2575,1,no_current_operative_provision
2576,1,no_current_operative_provision
2577,1,no_current_operative_provision
2582,1,no_current_operative_provision
2588,1,no_current_operative_provision
2600,1,no_current_operative_provision
2604,1,no_current_operative_provision
2622,1,no_current_operative_provision
2625,1,no_current_operative_provision
2632,1,no_current_operative_provision
2639,2,no_current_operative_provision
2645,1,no_current_operative_provision
2647,1,no_current_operative_provision
2691,1,no_current_operative_provision
2704,2,no_current_operative_provision
2720,1,no_current_operative_provision
2730,1,no_current_operative_provision
2732,1,no_current_operative_provision
2738,1,no_current_operative_provision
2741,1,no_current_operative_provision
2745,1,no_current_operative_provision
2747,1,no_current_operative_provision
2757,1,no_current_operative_provision
2758,1,no_current_operative_provision
2769,1,no_current_operative_provision
2802,1,no_current_operative_provision
2812,1,no_current_operative_provision
2817,1,no_current_operative_provision
2822,1,no_current_operative_provision
2827,1,no_current_operative_provision
2829,2,no_current_operative_provision
2832,1,no_current_operative_provision
2858,1,no_current_operative_provision
2859,1,no_current_operative_provision
2869,1,no_current_operative_provision
2870,1,no_current_operative_provision
2877,1,no_current_operative_provision
2888,1,no_current_operative_provision
2902,1,no_current_operative_provision
2907,1,no_current_operative_provision
2909,1,no_current_operative_provision
2915,1,no_current_operative_provision
2919,1,no_current_operative_provision
2920,1,no_current_operative_provision
2921,1,no_current_operative_provision
2930,1,no_current_operative_provision
2932,1,no_current_operative_provision
2943,1,no_current_operative_provision
2946,1,no_current_operative_provision
2950,1,no_current_operative_provision
2956,2,no_current_operative_provision
2980,1,no_current_operative_provision
2981,1,no_current_operative_provision
2983,1,no_current_operative_provision
2984,1,no_current_operative_provision
2989,1,no_current_operative_provision
2990,1,no_current_operative_provision
2991,1,no_current_operative_provision
2992,1,no_current_operative_provision
2998,2,no_current_operative_provision
3001,1,no_current_operative_provision
3002,1,no_current_operative_provision
3003,1,no_current_operative_provision
3008,1,no_current_operative_provision
3009,1,no_current_operative_provision
3019,1,no_current_operative_provision
3026,1,no_current_operative_provision
3029,1,no_current_operative_provision
3031,1,no_current_operative_provision
3034,1,no_current_operative_provision
3035,2,no_current_operative_provision
3038,1,no_current_operative_provision
3043,1,no_current_operative_provision
3050,2,no_current_operative_provision
3052,2,no_current_operative_provision
3058,1,no_current_operative_provision
3060,1,no_current_operative_provision
3068,1,no_current_operative_provision
3069,1,no_current_operative_provision
3075,1,no_current_operative_provision
3080,1,no_current_operative_provision
3082,1,no_current_operative_provision
3085,1,no_current_operative_provision
3087,1,no_current_operative_provision
3097,1,no_current_operative_provision
3100,1,no_current_operative_provision
3101,1,no_current_operative_provision
3103,1,no_current_operative_provision
3111,1,no_current_operative_provision
3117,1,no_current_operative_provision
3121,2,no_current_operative_provision
3122,1,no_current_operative_provision
3127,2,no_current_operative_provision
3130,1,no_current_operative_provision
3136,1,no_current_operative_provision
3145,1,no_current_operative_provision
3147,1,no_current_operative_provision
3152,1,no_current_operative_provision
3157,1,no_current_operative_provision
3161,1,no_current_operative_provision
3169,1,no_current_operative_provision
3176,1,no_current_operative_provision
3178,2,no_current_operative_provision
3188,1,no_current_operative_provision
3206,2,no_current_operative_provision
3212,1,no_current_operative_provision
3230,1,no_current_operative_provision
3231,1,no_current_operative_provision
3236,1,no_current_operative_provision
3256,2,no_current_operative_provision
3261,1,no_current_operative_provision
3269,1,no_current_operative_provision
3281,1,no_current_operative_provision
3286,1,no_current_operative_provision
3291,1,no_current_operative_provision
3295,1,no_current_operative_provision
3351,1,no_current_operative_provision
3353,1,no_current_operative_provision
3358,1,no_current_operative_provision
3377,1,no_current_operative_provision
3381,2,no_current_operative_provision
3382,1,no_current_operative_provision
3391,1,no_current_operative_provision
3394,1,no_current_operative_provision
3444,1,no_current_operative_provision
3447,1,no_current_operative_provision
3452,1,no_current_operative_provision
3469,1,no_current_operative_provision
3477,1,no_current_operative_provision
3487,2,no_current_operative_provision
3494,1,no_current_operative_provision
3500,1,no_current_operative_provision
3538,1,no_current_operative_provision
3561,1,no_current_operative_provision
3567,1,no_current_operative_provision
3582,1,no_current_operative_provision
3585,1,no_current_operative_provision
3588,1,no_current_operative_provision
3607,2,no_current_operative_provision
3617,1,no_current_operative_provision
3630,1,no_current_operative_provision
3632,1,no_current_operative_provision
3637,1,no_current_operative_provision
3638,1,no_current_operative_provision
3641,1,no_current_operative_provision
3644,1,no_current_operative_provision
3653,1,no_current_operative_provision
3661,1,no_current_operative_provision
3665,1,no_current_operative_provision
3667,1,no_current_operative_provision
3669,1,no_current_operative_provision
3672,1,no_current_operative_provision
3688,1,no_current_operative_provision
3695,1,no_current_operative_provision
3704,1,no_current_operative_provision
3731,1,no_current_operative_provision
3735,1,no_current_operative_provision
3737,1,no_current_operative_provision
3738,1,no_current_operative_provision
3739,1,no_current_operative_provision
3740,1,no_current_operative_provision
3768,1,no_current_operative_provision
3776,1,no_current_operative_provision
3779,1,no_current_operative_provision
3780,1,no_current_operative_provision
3789,2,no_current_operative_provision
3807,1,no_current_operative_provision
3810,1,no_current_operative_provision
3821,1,no_current_operative_provision
3823,1,no_current_operative_provision
3825,1,no_current_operative_provision
3836,1,no_current_operative_provision
3851,1,no_current_operative_provision
3853,1,no_current_operative_provision
3854,1,no_current_operative_provision
3855,1,no_current_operative_provision
3863,1,no_current_operative_provision
3868,2,no_current_operative_provision
3870,1,no_current_operative_provision
3881,1,no_current_operative_provision
3890,1,no_current_operative_provision
3894,1,no_current_operative_provision
3903,1,no_current_operative_provision
3910,1,no_current_operative_provision
3920,2,no_current_operative_provision
3941,2,no_current_operative_provision
3956,1,no_current_operative_provision
3976,2,no_current_operative_provision
3983,1,no_current_operative_provision
3998,1,no_current_operative_provision
4005,1,no_current_operative_provision
4013,1,no_current_operative_provision
4026,1,no_current_operative_provision
4034,1,no_current_operative_provision
4035,1,no_current_operative_provision
4036,1,no_current_operative_provision
4042,1,no_current_operative_provision
4044,2,no_current_operative_provision
4055,1,no_current_operative_provision
4060,1,no_current_operative_provision
4061,1,no_current_operative_provision
4066,1,no_current_operative_provision
4067,1,no_current_operative_provision
4076,1,no_current_operative_provision
4083,1,no_current_operative_provision
4087,2,no_current_operative_provision
4091,1,no_current_operative_provision
4108,1,no_current_operative_provision
4110,1,no_current_operative_provision
4112,1,no_current_operative_provision
4131,1,no_current_operative_provision
4138,1,no_current_operative_provision
4143,2,no_current_operative_provision
4150,1,no_current_operative_provision
4156,1,no_current_operative_provision
4167,1,no_current_operative_provision
4168,1,no_current_operative_provision
4171,1,no_current_operative_provision
4175,1,no_current_operative_provision
4176,1,no_current_operative_provision
4177,1,no_current_operative_provision
4182,1,no_current_operative_provision
4185,1,no_current_operative_provision
4187,2,no_current_operative_provision
4200,1,no_current_operative_provision
4204,1,no_current_operative_provision
4206,1,no_current_operative_provision
4211,1,no_current_operative_provision
4212,1,no_current_operative_provision
4214,1,no_current_operative_provision
4224,1,no_current_operative_provision
4225,1,no_current_operative_provision
4227,1,no_current_operative_provision
4235,1,no_current_operative_provision
4236,1,no_current_operative_provision
4239,1,no_current_operative_provision
4241,1,no_current_operative_provision
4242,1,no_current_operative_provision
4246,1,no_current_operative_provision
4249,1,no_current_operative_provision
4251,1,no_current_operative_provision
4261,1,no_current_operative_provision
4265,2,no_current_operative_provision
4274,2,no_current_operative_provision
4275,1,no_current_operative_provision
4277,1,no_current_operative_provision
4279,1,no_current_operative_provision
4286,1,no_current_operative_provision
4287,1,no_current_operative_provision
4296,1,no_current_operative_provision
4297,1,no_current_operative_provision
4316,1,no_current_operative_provision
4319,1,no_current_operative_provision
4323,1,no_current_operative_provision
4329,1,no_current_operative_provision
4333,1,no_current_operative_provision
4336,1,no_current_operative_provision
4338,1,no_current_operative_provision
4340,1,no_current_operative_provision
4345,1,no_current_operative_provision
4350,1,no_current_operative_provision
4353,1,no_current_operative_provision
4355,1,no_current_operative_provision
4357,1,no_current_operative_provision
4368,1,no_current_operative_provision
4369,1,no_current_operative_provision
4378,1,no_current_operative_provision
4381,1,no_current_operative_provision
4388,1,no_current_operative_provision
4389,1,no_current_operative_provision
4395,1,no_current_operative_provision
4398,1,no_current_operative_provision
4399,1,no_current_operative_provision
4401,1,no_current_operative_provision
4403,1,no_current_operative_provision
4404,1,no_current_operative_provision
4406,1,no_current_operative_provision
4407,1,no_current_operative_provision
4428,1,no_current_operative_provision
4439,1,no_current_operative_provision
4440,1,no_current_operative_provision
4442,1,no_current_operative_provision
4449,1,no_current_operative_provision
4457,1,no_current_operative_provision
4474,1,no_current_operative_provision
4476,1,no_current_operative_provision
4482,1,no_current_operative_provision
4501,1,no_current_operative_provision
5167,1,no_current_operative_provision
5247,1,no_current_operative_provision
5409,1,no_current_operative_provision
5579,1,no_current_operative_provision
5950,1,no_current_operative_provision
6019,1,no_current_operative_provision
6174,1,no_current_operative_provision
6455,1,no_current_operative_provision
6515,1,no_current_operative_provision
6516,1,no_current_operative_provision
8564,1,no_current_operative_provision
8569,1,no_current_operative_provision
8581,2,no_current_operative_provision
8591,1,no_current_operative_provision
8594,1,no_current_operative_provision
8666,1,no_current_operative_provision
8684,1,no_current_operative_provision
8709,1,no_current_operative_provision
8726,1,no_current_operative_provision
8735,1,no_current_operative_provision
8747,1,no_current_operative_provision
8767,1,no_current_operative_provision
8791,1,no_current_operative_provision
8802,1,no_current_operative_provision
8828,1,no_current_operative_provision
8853,1,no_current_operative_provision
8868,1,no_current_operative_provision
8882,1,no_current_operative_provision
8941,1,no_current_operative_provision
8947,1,no_current_operative_provision
8986,1,no_current_operative_provision
9005,1,no_current_operative_provision
9010,1,no_current_operative_provision
9012,1,no_current_operative_provision
9031,1,no_current_operative_provision
9041,1,no_current_operative_provision
9057,1,no_current_operative_provision
9059,1,no_current_operative_provision
9070,2,no_current_operative_provision
9094,1,no_current_operative_provision
9113,1,no_current_operative_provision
9122,1,no_current_operative_provision
9163,1,no_current_operative_provision
9164,1,no_current_operative_provision
9182,2,no_current_operative_provision
9184,2,no_current_operative_provision
9191,1,no_current_operative_provision
9212,1,no_current_operative_provision
9213,1,no_current_operative_provision
9214,1,no_current_operative_provision
9234,2,no_current_operative_provision
9243,1,no_current_operative_provision
9263,1,no_current_operative_provision
9274,1,no_current_operative_provision
9278,1,no_current_operative_provision
9283,1,no_current_operative_provision
9291,2,no_current_operative_provision
9301,1,no_current_operative_provision
9312,1,no_current_operative_provision
9319,1,no_current_operative_provision
9321,1,no_current_operative_provision
9325,1,no_current_operative_provision
9327,1,no_current_operative_provision
9335,1,no_current_operative_provision
9339,1,no_current_operative_provision
9342,1,no_current_operative_provision
9349,1,no_current_operative_provision
9356,2,no_current_operative_provision
9363,1,no_current_operative_provision
9377,1,no_current_operative_provision
9383,1,no_current_operative_provision
9393,1,no_current_operative_provision
9400,1,no_current_operative_provision
9408,2,no_current_operative_provision
9414,1,no_current_operative_provision
9428,1,no_current_operative_provision
9429,1,no_current_operative_provision
9440,1,no_current_operative_provision
9451,1,no_current_operative_provision
9453,1,no_current_operative_provision
9483,1,no_current_operative_provision
9485,1,no_current_operative_provision
9487,1,no_current_operative_provision
9497,1,no_current_operative_provision
9499,1,no_current_operative_provision
9529,2,no_current_operative_provision
9551,1,no_current_operative_provision
9560,1,no_current_operative_provision
9561,1,no_current_operative_provision
9563,1,no_current_operative_provision
9564,1,no_current_operative_provision
9569,1,no_current_operative_provision
9580,1,no_current_operative_provision
9608,1,no_current_operative_provision
9615,1,no_current_operative_provision
9627,1,no_current_operative_provision
9634,1,no_current_operative_provision
9643,1,no_current_operative_provision
9646,1,no_current_operative_provision
9647,1,no_current_operative_provision
9658,1,no_current_operative_provision
9661,1,no_current_operative_provision
9663,1,no_current_operative_provision
9664,1,no_current_operative_provision
9675,1,no_current_operative_provision
9678,1,no_current_operative_provision
9680,1,no_current_operative_provision
9683,1,no_current_operative_provision
9685,1,no_current_operative_provision
9691,1,no_current_operative_provision
9693,1,no_current_operative_provision
9696,1,no_current_operative_provision
9700,1,no_current_operative_provision
9711,2,no_current_operative_provision
9714,1,no_current_operative_provision
9715,1,no_current_operative_provision
9716,1,no_current_operative_provision
9719,1,no_current_operative_provision
9720,1,no_current_operative_provision
9725,1,no_current_operative_provision
9728,1,no_current_operative_provision
9730,1,no_current_operative_provision
9735,1,no_current_operative_provision
9736,1,no_current_operative_provision
9737,1,no_current_operative_provision
9739,1,no_current_operative_provision
9744,1,no_current_operative_provision
9750,1,no_current_operative_provision
9753,1,no_current_operative_provision
9754,2,no_current_operative_provision
9755,1,no_current_operative_provision
9762,1,no_current_operative_provision
9763,1,no_current_operative_provision
9766,1,no_current_operative_provision
9768,1,no_current_operative_provision
9774,1,no_current_operative_provision
9782,1,no_current_operative_provision
9784,1,no_current_operative_provision
9793,1,no_current_operative_provision
9798,1,no_current_operative_provision
9799,1,no_current_operative_provision
9806,1,no_current_operative_provision
9809,1,no_current_operative_provision
9810,1,no_current_operative_provision
9811,2,no_current_operative_provision
9818,1,no_current_operative_provision
9822,1,no_current_operative_provision
9830,1,no_current_operative_provision
9840,1,no_current_operative_provision
9841,1,no_current_operative_provision
9843,1,no_current_operative_provision
9849,1,no_current_operative_provision
9859,1,no_current_operative_provision
9860,1,no_current_operative_provision
9861,1,no_current_operative_provision
9863,1,no_current_operative_provision
9872,1,no_current_operative_provision
9879,1,no_current_operative_provision
9890,2,no_current_operative_provision
9891,1,no_current_operative_provision
9903,1,no_current_operative_provision
9905,1,no_current_operative_provision
9906,1,no_current_operative_provision
9907,1,no_current_operative_provision
9912,2,no_current_operative_provision
9927,1,no_current_operative_provision
9929,1,no_current_operative_provision
9935,1,no_current_operative_provision
9939,1,no_current_operative_provision
9946,1,no_current_operative_provision
9959,1,no_current_operative_provision
9965,1,no_current_operative_provision
9971,1,no_current_operative_provision
9972,1,no_current_operative_provision
9976,1,no_current_operative_provision
9980,1,no_current_operative_provision
9996,1,no_current_operative_provision
9997,1,no_current_operative_provision
10031,1,no_current_operative_provision
10034,1,no_current_operative_provision
10035,1,no_current_operative_provision
10037,1,no_current_operative_provision
10061,1,no_current_operative_provision
10083,1,no_current_operative_provision
10092,1,no_current_operative_provision
10099,1,no_current_operative_provision
10101,1,no_current_operative_provision
10102,1,no_current_operative_provision
10118,1,no_current_operative_provision
10130,1,no_current_operative_provision
10179,1,no_current_operative_provision
10180,1,no_current_operative_provision
10197,1,no_current_operative_provision
10205,1,no_current_operative_provision
10206,1,no_current_operative_provision
10217,1,no_current_operative_provision
10223,1,no_current_operative_provision
10233,1,no_current_operative_provision
10240,1,no_current_operative_provision
10246,1,no_current_operative_provision
10262,1,no_current_operative_provision
10268,1,no_current_operative_provision
10269,1,no_current_operative_provision
10270,1,no_current_operative_provision
10288,2,no_current_operative_provision
10306,1,no_current_operative_provision
10324,1,no_current_operative_provision
10347,1,no_current_operative_provision
10348,1,no_current_operative_provision
10390,1,no_current_operative_provision
10398,1,no_current_operative_provision
10428,1,no_current_operative_provision
10430,1,no_current_operative_provision
10445,1,no_current_operative_provision
10454,1,no_current_operative_provision
10492,1,no_current_operative_provision
10505,1,no_current_operative_provision
10526,1,no_current_operative_provision
10529,1,no_current_operative_provision
10531,1,no_current_operative_provision
10537,2,no_current_operative_provision
10548,2,no_current_operative_provision
10552,1,no_current_operative_provision
10561,1,no_current_operative_provision
10573,1,no_current_operative_provision
10579,1,no_current_operative_provision
10594,1,no_current_operative_provision
10595,1,no_current_operative_provision
10606,1,no_current_operative_provision
10616,1,no_current_operative_provision
10619,1,no_current_operative_provision
10621,1,no_current_operative_provision
10641,1,no_current_operative_provision
10662,1,no_current_operative_provision
10674,1,no_current_operative_provision
10690,1,no_current_operative_provision
10700,1,no_current_operative_provision
10704,1,no_current_operative_provision
10706,1,no_current_operative_provision
10710,1,no_current_operative_provision
10713,1,no_current_operative_provision
10727,1,no_current_operative_provision
10728,1,no_current_operative_provision
10734,1,no_current_operative_provision
10746,1,no_current_operative_provision
10747,1,no_current_operative_provision
10748,1,no_current_operative_provision
10776,1,no_current_operative_provision
10784,1,no_current_operative_provision
10791,1,no_current_operative_provision
10848,1,no_current_operative_provision
10854,1,no_current_operative_provision
10859,1,no_current_operative_provision
10861,1,no_current_operative_provision
10864,1,no_current_operative_provision
10868,1,no_current_operative_provision
10885,1,no_current_operative_provision
10886,1,no_current_operative_provision
10906,1,no_current_operative_provision
10907,1,no_current_operative_provision
10908,1,no_current_operative_provision
10921,1,no_current_operative_provision
10922,1,no_current_operative_provision
10926,2,no_current_operative_provision
10931,1,no_current_operative_provision
10932,1,no_current_operative_provision
10938,1,no_current_operative_provision
10940,1,no_current_operative_provision
10958,1,no_current_operative_provision
10974,1,no_current_operative_provision
10976,1,no_current_operative_provision
10991,1,no_current_operative_provision
10992,1,no_current_operative_provision
11003,1,no_current_operative_provision
11004,1,no_current_operative_provision
11013,1,no_current_operative_provision
11014,1,no_current_operative_provision
11017,1,no_current_operative_provision
11026,1,no_current_operative_provision
11027,1,no_current_operative_provision
11028,1,no_current_operative_provision
11032,2,no_current_operative_provision
11056,1,no_current_operative_provision
11073,1,no_current_operative_provision
11079,1,no_current_operative_provision
11084,1,no_current_operative_provision
11111,1,no_current_operative_provision
11119,1,no_current_operative_provision
11133,1,no_current_operative_provision
11151,1,no_current_operative_provision
11205,1,no_current_operative_provision
11206,1,no_current_operative_provision
11214,1,no_current_operative_provision
11230,1,no_current_operative_provision
11253,1,no_current_operative_provision
11266,1,no_current_operative_provision
11283,1,no_current_operative_provision
11284,1,no_current_operative_provision
11293,1,no_current_operative_provision
11313,1,no_current_operative_provision
11347,1,no_current_operative_provision
11350,1,no_current_operative_provision
11374,1,no_current_operative_provision
11448,1,no_current_operative_provision
11449,1,no_current_operative_provision
