document_id,document_type,date,operative_segment_count,status,canonical_profile,request_stage,prior_profile_rows,validation_error_count
14,memorandum,"October 18, 2007",29,missing,false,repair,0,0
72,executive_order,"September 05, 2025",10,missing,false,repair,0,0
101,executive_order,"July 23, 2025",2,missing,false,repair,0,0
151,executive_order,"April 09, 2025",7,missing,false,repair,0,0
169,executive_order,"March 27, 2025",4,missing,false,repair,0,0
216,executive_order,"February 06, 2025",14,missing,false,repair,0,0
319,executive_order,"June 09, 2023",6,missing,false,repair,0,0
384,executive_order,"June 25, 2021",25,missing,false,repair,0,0
492,executive_order,"June 04, 2020",17,missing,false,repair,0,0
619,executive_order,"May 11, 2017",12,missing,false,repair,0,0
655,executive_order,"January 17, 2017",24,missing,false,repair,0,0
705,executive_order,"December 15, 2015",14,missing,false,repair,0,0
766,executive_order,"November 01, 2013",9,missing,false,repair,0,0
774,executive_order,"June 03, 2013",20,missing,false,repair,0,0
778,executive_order,"April 05, 2013",2,missing,false,repair,0,0
811,executive_order,"May 01, 2012",11,missing,false,repair,0,0
815,executive_order,"March 22, 2012",3,missing,false,repair,0,0
852,executive_order,"March 07, 2011",16,stale_or_invalid,false,repair,1,3
894,executive_order,"December 23, 2009",2,missing,false,repair,0,0
949,executive_order,"July 30, 2008",21,missing,false,repair,0,0
1032,executive_order,"October 14, 2005",30,missing,false,repair,0,0
1073,executive_order,"July 08, 2004",7,stale_or_invalid,false,repair,1,3
1079,executive_order,"May 18, 2004",4,missing,false,repair,0,0
1133,executive_order,"February 28, 2003",55,missing,false,repair,0,0
1201,executive_order,"June 20, 2001",10,stale_or_invalid,false,repair,1,3
1217,executive_order,"February 17, 2001",6,missing,false,repair,0,0
1222,executive_order,"January 18, 2001",5,stale_or_invalid,false,repair,1,3
1279,executive_order,"October 06, 1999",13,missing,false,repair,0,0
1340,executive_order,"April 07, 1998",6,missing,false,repair,0,0
1431,executive_order,"February 05, 1996",14,missing,false,repair,0,0
1438,executive_order,"December 05, 1995",8,missing,false,repair,0,0
1472,executive_order,"January 23, 1995",6,missing,false,repair,0,0
1482,executive_order,"November 10, 1994",30,missing,false,repair,0,0
1513,executive_order,"April 11, 1994",11,missing,false,repair,0,0
1527,executive_order,"January 17, 1994",15,stale_or_invalid,false,repair,1,3
1752,executive_order,"January 18, 1989",3,stale_or_invalid,false,repair,1,3
1811,executive_order,"September 09, 1987",28,missing,false,repair,0,0
1849,executive_order,"October 24, 1986",2,stale_or_invalid,false,repair,1,3
2063,executive_order,"April 02, 1982",19,missing,false,repair,0,0
2127,executive_order,"February 23, 1981",14,stale_or_invalid,false,repair,1,6
2204,executive_order,"May 27, 1980",6,missing,false,repair,0,0
2256,executive_order,"September 29, 1979",23,missing,false,repair,0,0
2383,executive_order,"January 24, 1978",9,missing,false,repair,0,0
2460,executive_order,"January 18, 1977",8,missing,false,repair,0,0
2581,executive_order,"February 06, 1975",12,stale_or_invalid,false,repair,1,3
2584,executive_order,"January 27, 1975",19,missing,false,repair,0,0
2608,executive_order,"October 07, 1974",3,stale_or_invalid,false,repair,1,12
2728,executive_order,"December 15, 1972",3,stale_or_invalid,false,repair,1,12
2792,executive_order,"October 15, 1971",29,missing,false,repair,0,0
2803,executive_order,"August 26, 1971",15,stale_or_invalid,false,repair,2,6
2816,executive_order,"June 30, 1971",16,missing,false,repair,0,0
2830,executive_order,"April 01, 1971",1,stale_or_invalid,false,repair,1,9
3028,executive_order,"January 24, 1968",3,stale_or_invalid,false,repair,1,6
3059,executive_order,"June 30, 1967",28,stale_or_invalid,false,repair,1,12
3070,executive_order,"May 03, 1967",14,stale_or_invalid,false,repair,1,10
3262,executive_order,"June 22, 1964",11,missing,false,repair,0,0
3315,executive_order,"April 18, 1963",4,missing,false,repair,0,0
3424,executive_order,"February 16, 1962",10,missing,false,repair,0,0
3467,executive_order,"July 20, 1961",4,missing,false,repair,0,0
3488,executive_order,"April 07, 1961",1,missing,false,repair,0,0
3495,executive_order,"March 06, 1961",20,missing,false,repair,0,0
3528,executive_order,"November 08, 1960",17,missing,false,repair,0,0
3686,executive_order,"October 17, 1957",10,stale_or_invalid,false,repair,1,6
3774,executive_order,"November 28, 1955",3,missing,false,repair,0,0
3788,executive_order,"August 19, 1955",1,missing,false,repair,0,0
3811,executive_order,"May 09, 1955",9,missing,false,repair,0,0
3846,executive_order,"November 06, 1954",15,missing,false,repair,0,0
3964,executive_order,"June 01, 1953",13,missing,false,repair,0,0
4077,executive_order,"April 17, 1952",10,missing,false,repair,0,0
4120,executive_order,"November 06, 1951",1,stale_or_invalid,false,repair,1,3
4146,executive_order,"August 01, 1951",3,stale_or_invalid,false,repair,2,12
4165,executive_order,"June 26, 1951",7,missing,false,repair,0,0
4189,executive_order,"April 23, 1951",4,missing,false,repair,0,0
4219,executive_order,"January 15, 1951",3,missing,false,repair,0,0
4341,executive_order,"October 05, 1949",11,stale_or_invalid,false,repair,1,3
4416,executive_order,"October 18, 1948",20,missing,false,repair,0,0
4420,executive_order,"October 05, 1948",14,stale_or_invalid,false,repair,1,3
4432,executive_order,"August 28, 1948",4,stale_or_invalid,false,repair,2,12
4445,executive_order,"July 20, 1948",11,missing,false,repair,0,0
5035,letter,"August 29, 2014",2,missing,false,repair,0,0
6507,letter,"January 24, 1990",1,missing,false,repair,0,0
6988,letter,"June 22, 1979",2,stale_or_invalid,false,repair,1,3
7312,letter,"January 20, 1972",2,missing,false,repair,0,0
7481,letter,"August 18, 1966",1,missing,false,repair,0,0
8829,memorandum,"May 06, 2022",1,missing,false,repair,0,0
8830,memorandum,"May 04, 2022",16,missing,false,repair,0,0
8846,memorandum,"January 19, 2022",24,missing,false,repair,0,0
9071,memorandum,"April 19, 2018",1,missing,false,repair,0,0
9287,memorandum,"September 15, 2014",2,missing,false,repair,0,0
9323,memorandum,"December 05, 2013",9,missing,false,repair,0,0
9347,memorandum,"June 07, 2013",16,missing,false,repair,0,0
9401,memorandum,"June 07, 2012",2,missing,false,repair,0,0
9432,memorandum,"December 15, 2011",2,missing,false,repair,0,0
9639,memorandum,"September 10, 2008",3,missing,false,repair,0,0
9707,memorandum,"June 01, 2007",4,stale_or_invalid,false,repair,1,6
10062,memorandum,"March 05, 2002",5,missing,false,repair,0,0
10440,memorandum,"April 11, 1997",3,missing,false,repair,0,0
10547,memorandum,"April 04, 1996",3,missing,false,repair,0,0
10759,memorandum,"October 04, 1993",1,missing,false,repair,0,0
12081,proclamation,"May 31, 2019",6,missing,false,repair,0,0
12092,proclamation,"May 16, 2019",6,missing,false,repair,0,0
12905,proclamation,"December 23, 2013",12,missing,false,repair,0,0
13705,proclamation,"June 30, 2008",11,missing,false,repair,0,0
13737,proclamation,"April 17, 2008",6,missing,false,repair,0,0
14093,proclamation,"January 06, 1969",7,missing,false,repair,0,0
14294,proclamation,"October 22, 1965",2,missing,false,repair,0,0
14415,proclamation,"November 26, 1963",2,missing,false,repair,0,0
14523,proclamation,"March 19, 1962",4,missing,false,repair,0,0
14692,proclamation,"April 21, 1959",3,missing,false,repair,0,0
14771,proclamation,"October 10, 1957",2,missing,false,repair,0,0
15072,proclamation,"October 06, 1950",7,missing,false,repair,0,0
15113,proclamation,"November 30, 1949",8,missing,false,repair,0,0
15189,proclamation,"June 11, 1948",6,missing,false,repair,0,0
15195,proclamation,"May 04, 1948",8,missing,false,repair,0,0
15942,proclamation,"February 18, 2000",6,missing,false,repair,0,0
16062,proclamation,"December 03, 1998",5,missing,false,repair,0,0
16109,proclamation,"June 30, 1998",18,missing,false,repair,0,0
17819,proclamation,"May 31, 2022",12,missing,false,repair,0,0
18617,proclamation,"March 06, 1987",3,missing,false,repair,0,0
19686,proclamation,"January 20, 1978",3,missing,false,repair,0,0
19915,proclamation,"September 27, 1974",8,missing,false,repair,0,0
20023,proclamation,"April 18, 1973",12,missing,false,repair,0,0
