document_id,document_type,identifier,title,date,url
4345,executive_order,10079,transferring certain property the virgin islands the permanent,"September 09, 1949",https://www.presidency.ucsb.edu/documents/executive-order-10079-transferring-certain-property-the-virgin-islands-the-permanent
436,executive_order,13984,taking additional steps address the national emergency with respect,"January 19, 2021",https://www.presidency.ucsb.edu/documents/executive-order-13984-taking-additional-steps-address-the-national-emergency-with-respect
3615,executive_order,10805,designating the central intelligence agency excepted from certain,"February 18, 1959",https://www.presidency.ucsb.edu/documents/executive-order-10805-designating-the-central-intelligence-agency-excepted-from-certain
1896,executive_order,12523,national white house conference small business,"June 27, 1985",https://www.presidency.ucsb.edu/documents/executive-order-12523-national-white-house-conference-small-business
835,executive_order,13584,developing integrated strategic counterterrorism communications,"September 09, 2011",https://www.presidency.ucsb.edu/documents/executive-order-13584-developing-integrated-strategic-counterterrorism-communications
1161,executive_order,13258,amending executive order 12866 regulatory planning and review,"February 26, 2002",https://www.presidency.ucsb.edu/documents/executive-order-13258-amending-executive-order-12866-regulatory-planning-and-review
4372,executive_order,10051,creating emergency board investigate dispute between the aliquippa,"April 15, 1949",https://www.presidency.ucsb.edu/documents/executive-order-10051-creating-emergency-board-investigate-dispute-between-the-aliquippa
3814,executive_order,10607,inspection income excess profits declared value excess profits,"May 03, 1955",https://www.presidency.ucsb.edu/documents/executive-order-10607-inspection-income-excess-profits-declared-value-excess-profits
1958,executive_order,12461,district columbia police and firefighters retirement and disability,"February 17, 1984",https://www.presidency.ucsb.edu/documents/executive-order-12461-district-columbia-police-and-firefighters-retirement-and-disability
3998,executive_order,10424,authorizing competitive status for norman e prince wthout compliance,"January 15, 1953",https://www.presidency.ucsb.edu/documents/executive-order-10424-authorizing-competitive-status-for-norman-e-prince-wthout-compliance
822,executive_order,13597,establishing visa and foreign visitor processing goals and the task,"January 19, 2012",https://www.presidency.ucsb.edu/documents/executive-order-13597-establishing-visa-and-foreign-visitor-processing-goals-and-the-task
621,executive_order,13798,promoting free speech and religious liberty,"May 04, 2017",https://www.presidency.ucsb.edu/documents/executive-order-13798-promoting-free-speech-and-religious-liberty
4214,executive_order,10209,amending executive order no 8557 september 30 1940 entitled,"February 01, 1951",https://www.presidency.ucsb.edu/documents/executive-order-10209-amending-executive-order-no-8557-september-30-1940-entitled
4119,executive_order,10304,inspection income excess profits declared value excess profits,"November 12, 1951",https://www.presidency.ucsb.edu/documents/executive-order-10304-inspection-income-excess-profits-declared-value-excess-profits
399,executive_order,14021,guaranteeing educational environment free from discrimination the,"March 08, 2021",https://www.presidency.ucsb.edu/documents/executive-order-14021-guaranteeing-educational-environment-free-from-discrimination-the
4270,executive_order,10153,regulations relating certain travel time members the uniformed,"August 17, 1950",https://www.presidency.ucsb.edu/documents/executive-order-10153-regulations-relating-certain-travel-time-members-the-uniformed
3803,executive_order,10617,suspension the operation certain provisions the officer personnel,"June 28, 1955",https://www.presidency.ucsb.edu/documents/executive-order-10617-suspension-the-operation-certain-provisions-the-officer-personnel
1058,executive_order,13361,assignment functions under the united states leadership against,"November 16, 2004",https://www.presidency.ucsb.edu/documents/executive-order-13361-assignment-functions-under-the-united-states-leadership-against
3188,executive_order,11232,suspension the provision section 5751b title 10 united states code,"July 08, 1965",https://www.presidency.ucsb.edu/documents/executive-order-11232-suspension-the-provision-section-5751b-title-10-united-states-code
430,executive_order,13993,revision civil immigration enforcement policies and priorities,"January 20, 2021",https://www.presidency.ucsb.edu/documents/executive-order-13993-revision-civil-immigration-enforcement-policies-and-priorities
340,executive_order,14079,securing access reproductive and other healthcare services,"August 03, 2022",https://www.presidency.ucsb.edu/documents/executive-order-14079-securing-access-reproductive-and-other-healthcare-services
3898,executive_order,10524,delegating certain functions the president respecting school,"March 31, 1954",https://www.presidency.ucsb.edu/documents/executive-order-10524-delegating-certain-functions-the-president-respecting-school
1740,executive_order,12679,level iv the executive schedule,"June 23, 1989",https://www.presidency.ucsb.edu/documents/executive-order-12679-level-iv-the-executive-schedule
707,executive_order,13712,blocking property certain persons contributing the situation burundi,"November 22, 2015",https://www.presidency.ucsb.edu/documents/executive-order-13712-blocking-property-certain-persons-contributing-the-situation-burundi
1511,executive_order,12908,order succession officers act secretary the army,"April 22, 1994",https://www.presidency.ucsb.edu/documents/executive-order-12908-order-succession-officers-act-secretary-the-army
1941,executive_order,12478,protection foreign missions international organizations,"May 23, 1984",https://www.presidency.ucsb.edu/documents/executive-order-12478-protection-foreign-missions-international-organizations
3087,executive_order,11333,partially suspending section 6374 title 10 the united states code,"March 07, 1967",https://www.presidency.ucsb.edu/documents/executive-order-11333-partially-suspending-section-6374-title-10-the-united-states-code
3383,executive_order,11037,amendment section 12 executive order no 6260 august 28 1933 amended,"July 20, 1962",https://www.presidency.ucsb.edu/documents/executive-order-11037-amendment-section-12-executive-order-no-6260-august-28-1933-amended
3249,executive_order,11168,creating emergency board investigate disputes between the carriers,"August 18, 1964",https://www.presidency.ucsb.edu/documents/executive-order-11168-creating-emergency-board-investigate-disputes-between-the-carriers
4342,executive_order,10081,designation certain officers act postmaster general,"October 01, 1949",https://www.presidency.ucsb.edu/documents/executive-order-10081-designation-certain-officers-act-postmaster-general
4212,executive_order,10213,including certain lands the nantahala and cherokee national forests,"February 06, 1951",https://www.presidency.ucsb.edu/documents/executive-order-10213-including-certain-lands-the-nantahala-and-cherokee-national-forests
1610,executive_order,12809,waiver under the trade act 1974 with respect albania azerbaijan,"June 03, 1992",https://www.presidency.ucsb.edu/documents/executive-order-12809-waiver-under-the-trade-act-1974-with-respect-albania-azerbaijan
2218,executive_order,12201,credit control,"March 14, 1980",https://www.presidency.ucsb.edu/documents/executive-order-12201-credit-control
3227,executive_order,11193,winston spencer churchill,"January 24, 1965",https://www.presidency.ucsb.edu/documents/executive-order-11193-winston-spencer-churchill
4134,executive_order,10289,providing for the performance certain functions the president the,"September 17, 1951",https://www.presidency.ucsb.edu/documents/executive-order-10289-providing-for-the-performance-certain-functions-the-president-the
3259,executive_order,11161,relating certain relationships between the department defense and,"July 07, 1964",https://www.presidency.ucsb.edu/documents/executive-order-11161-relating-certain-relationships-between-the-department-defense-and
3468,executive_order,10953,creating emergency board investigate dispute between the southern,"July 01, 1961",https://www.presidency.ucsb.edu/documents/executive-order-10953-creating-emergency-board-investigate-dispute-between-the-southern
3511,executive_order,10911,inspection department commerce income tax returns made under the,"January 17, 1961",https://www.presidency.ucsb.edu/documents/executive-order-10911-inspection-department-commerce-income-tax-returns-made-under-the
2823,executive_order,11596,designating the customs cooperation council public international,"June 05, 1971",https://www.presidency.ucsb.edu/documents/executive-order-11596-designating-the-customs-cooperation-council-public-international
3180,executive_order,11240,the board the foreign service and the board examiners for the,"August 04, 1965",https://www.presidency.ucsb.edu/documents/executive-order-11240-the-board-the-foreign-service-and-the-board-examiners-for-the
2965,executive_order,11454,inspection income excess profits estate and gift tax returns the,"February 07, 1969",https://www.presidency.ucsb.edu/documents/executive-order-11454-inspection-income-excess-profits-estate-and-gift-tax-returns-the
3367,executive_order,11053,providing assistance for the removal unlawful obstructions justice,"September 30, 1962",https://www.presidency.ucsb.edu/documents/executive-order-11053-providing-assistance-for-the-removal-unlawful-obstructions-justice
125,executive_order,14294,fighting overcriminalization federal regulations,"May 09, 2025",https://www.presidency.ucsb.edu/documents/executive-order-14294-fighting-overcriminalization-federal-regulations
2831,executive_order,11588,providing for the stabilization wages and prices the construction,"March 29, 1971",https://www.presidency.ucsb.edu/documents/executive-order-11588-providing-for-the-stabilization-wages-and-prices-the-construction
1273,executive_order,13146,presidents council the future princeville north carolina,"February 29, 2000",https://www.presidency.ucsb.edu/documents/executive-order-13146-presidents-council-the-future-princeville-north-carolina
4464,executive_order,9961,directing the civil service commission make determinations with,"May 19, 1948",https://www.presidency.ucsb.edu/documents/executive-order-9961-directing-the-civil-service-commission-make-determinations-with
3007,executive_order,11412,establishing national commission the causes and prevention violence,"June 10, 1968",https://www.presidency.ucsb.edu/documents/executive-order-11412-establishing-national-commission-the-causes-and-prevention-violence
3063,executive_order,11357,administration the national traffic and motor vehicle safety act,"June 06, 1967",https://www.presidency.ucsb.edu/documents/executive-order-11357-administration-the-national-traffic-and-motor-vehicle-safety-act
1339,executive_order,13079,waiver under the trade act 1974 with respect vietnam,"April 07, 1998",https://www.presidency.ucsb.edu/documents/executive-order-13079-waiver-under-the-trade-act-1974-with-respect-vietnam
2447,executive_order,11972,united states circuit judge nominating commission,"February 14, 1977",https://www.presidency.ucsb.edu/documents/executive-order-11972-united-states-circuit-judge-nominating-commission
11474,memorandum,,for the heads executive departments and agencies presidential domestic policy,"September 14, 1977",https://www.presidency.ucsb.edu/documents/memorandum-for-the-heads-executive-departments-and-agencies-presidential-domestic-policy
9808,memorandum,,assistance federal employees affected hurricane katrina,"September 01, 2005",https://www.presidency.ucsb.edu/documents/memorandum-assistance-federal-employees-affected-hurricane-katrina
9086,memorandum,2018-04,presidential determination pursuant section 4533a5 the defense production act 1950 2,"January 23, 2018",https://www.presidency.ucsb.edu/documents/presidential-determination-pursuant-section-4533a5-the-defense-production-act-1950-2
10774,memorandum,,establishing the presidents community enterprise board,"September 09, 1993",https://www.presidency.ucsb.edu/documents/memorandum-establishing-the-presidents-community-enterprise-board
9482,memorandum,2011-4,presidential determination with respect section 404c the child soldiers prevention act,"October 25, 2010",https://www.presidency.ucsb.edu/documents/presidential-determination-with-respect-section-404c-the-child-soldiers-prevention-act
9721,memorandum,,designation officers the federal bureau investigation,"February 09, 2007",https://www.presidency.ucsb.edu/documents/memorandum-designation-officers-the-federal-bureau-investigation
9798,memorandum,2005-40,transfers defense articles or services and brokering activities for libya,"September 28, 2005",https://www.presidency.ucsb.edu/documents/memorandum-transfers-defense-articles-or-services-and-brokering-activities-for-libya
11892,memorandum,,federal agencies directing participation national civil defense exercise,"May 18, 1955",https://www.presidency.ucsb.edu/documents/memorandum-federal-agencies-directing-participation-national-civil-defense-exercise
8992,memorandum,,providing order succession within the council environmental quality 1,"September 06, 2019",https://www.presidency.ucsb.edu/documents/memorandum-providing-order-succession-within-the-council-environmental-quality-1
11137,memorandum,,new foreign policy export controls iran,"September 23, 1987",https://www.presidency.ucsb.edu/documents/memorandum-new-foreign-policy-export-controls-iran
10391,memorandum,,the palestine liberation organization 1,"December 05, 1997",https://www.presidency.ucsb.edu/documents/memorandum-the-palestine-liberation-organization-1
10456,memorandum,,improving the safety the nations food supply,"January 25, 1997",https://www.presidency.ucsb.edu/documents/memorandum-improving-the-safety-the-nations-food-supply
10963,memorandum,,presidential determination no 91 22 memorandum narcotics control certification,"March 01, 1991",https://www.presidency.ucsb.edu/documents/presidential-determination-no-91-22-memorandum-narcotics-control-certification
10282,memorandum,,assistance refugees fleeing kosovo,"April 29, 1999",https://www.presidency.ucsb.edu/documents/memorandum-assistance-refugees-fleeing-kosovo
10821,memorandum,,determination the eligibility vanuatu be furnished defense articles and,"January 06, 1993",https://www.presidency.ucsb.edu/documents/memorandum-determination-the-eligibility-vanuatu-be-furnished-defense-articles-and
9830,memorandum,,assignment function submit report the congress,"May 13, 2005",https://www.presidency.ucsb.edu/documents/memorandum-assignment-function-submit-report-the-congress
9115,memorandum,,delegation authority under the national defense authorization act for fiscal 5,"June 29, 2017",https://www.presidency.ucsb.edu/documents/memorandum-delegation-authority-under-the-national-defense-authorization-act-for-fiscal-5
11187,memorandum,,urging support federal initiatives for drug free america,"October 04, 1986",https://www.presidency.ucsb.edu/documents/memorandum-urging-support-federal-initiatives-for-drug-free-america
8998,memorandum,2019-17,presidential determination pursuant section 303 the defense production act 1950 amended 9,"July 22, 2019",https://www.presidency.ucsb.edu/documents/presidential-determination-pursuant-section-303-the-defense-production-act-1950-amended-9
11173,memorandum,,disapproval the national aeronautics and space administration funding bill,"November 14, 1986",https://www.presidency.ucsb.edu/documents/memorandum-disapproval-the-national-aeronautics-and-space-administration-funding-bill
11151,memorandum,,presidential determination no 87 14 trade with romania hungary and china,"June 02, 1987",https://www.presidency.ucsb.edu/documents/presidential-determination-no-87-14-trade-with-romania-hungary-and-china
11568,memorandum,,equal opportunity federal employment,"March 06, 1975",https://www.presidency.ucsb.edu/documents/memorandum-equal-opportunity-federal-employment
11572,memorandum,,disapproval bill increase federal civilian travel expense allowances,"January 06, 1975",https://www.presidency.ucsb.edu/documents/memorandum-disapproval-bill-increase-federal-civilian-travel-expense-allowances
11390,memorandum,,from the president the united states savings bonds program 1,"February 22, 1979",https://www.presidency.ucsb.edu/documents/memorandum-from-the-president-the-united-states-savings-bonds-program-1
9176,memorandum,2016-10,presidential determination major drug transit or major illicit drug producing countries 4,"September 12, 2016",https://www.presidency.ucsb.edu/documents/presidential-determination-major-drug-transit-or-major-illicit-drug-producing-countries-4
11043,memorandum,,presidential determination no 90 9 memorandum narcotics control certification for panama,"January 26, 1990",https://www.presidency.ucsb.edu/documents/presidential-determination-no-90-9-memorandum-narcotics-control-certification-for-panama
11231,memorandum,,international communications satellite systems,"November 28, 1984",https://www.presidency.ucsb.edu/documents/memorandum-international-communications-satellite-systems
11914,memorandum,,disapproval gill for the relief graphic arts corporation,"August 31, 1954",https://www.presidency.ucsb.edu/documents/memorandum-disapproval-gill-for-the-relief-graphic-arts-corporation
8709,memorandum,2024-04,presidential determination pursuant section 1245d4b and c the national defense 22,"May 08, 2024",https://www.presidency.ucsb.edu/documents/presidential-determination-pursuant-section-1245d4b-and-c-the-national-defense-22
10859,memorandum,,presidential determination no 92 34 memorandum trade with romania,"June 22, 1992",https://www.presidency.ucsb.edu/documents/presidential-determination-no-92-34-memorandum-trade-with-romania
9864,memorandum,,strengthening central intelligence agency capabilities,"November 18, 2004",https://www.presidency.ucsb.edu/documents/memorandum-strengthening-central-intelligence-agency-capabilities
11859,memorandum,,regarding the 1957 federal service campaign for national health agencies,"January 24, 1957",https://www.presidency.ucsb.edu/documents/memorandum-regarding-the-1957-federal-service-campaign-for-national-health-agencies
11291,memorandum,,federal budget review procedures,"July 13, 1981",https://www.presidency.ucsb.edu/documents/memorandum-federal-budget-review-procedures
10235,memorandum,,funding for the korean peninsula energy development organization,"September 29, 1999",https://www.presidency.ucsb.edu/documents/memorandum-funding-for-the-korean-peninsula-energy-development-organization
9588,memorandum,,deferred enforced departure for liberians 1,"March 20, 2009",https://www.presidency.ucsb.edu/documents/memorandum-deferred-enforced-departure-for-liberians-1
9327,memorandum,2014-02,provision us drug interdiction assistance the government brazil 1,"October 10, 2013",https://www.presidency.ucsb.edu/documents/memorandum-provision-us-drug-interdiction-assistance-the-government-brazil-1
11842,memorandum,,federal agencies the united fund and community chest campaigns 1,"July 29, 1958",https://www.presidency.ucsb.edu/documents/memorandum-federal-agencies-the-united-fund-and-community-chest-campaigns-1
8555,memorandum,2026-04,presidential determination designation the republic peru major non nato ally,"January 14, 2026",https://www.presidency.ucsb.edu/documents/presidential-determination-designation-the-republic-peru-major-non-nato-ally
11344,memorandum,,from the president aid for kampucheans,"November 13, 1979",https://www.presidency.ucsb.edu/documents/memorandum-from-the-president-aid-for-kampucheans
11357,memorandum,,memorandums from the president public land resources,"August 02, 1979",https://www.presidency.ucsb.edu/documents/memorandums-from-the-president-public-land-resources
8912,memorandum,,protecting jobs economic opportunities and national security for all americans,"October 31, 2020",https://www.presidency.ucsb.edu/documents/memorandum-protecting-jobs-economic-opportunities-and-national-security-for-all-americans
11881,memorandum,,disapproval bill extending the domestic minerals purchase programs,"August 14, 1955",https://www.presidency.ucsb.edu/documents/memorandum-disapproval-bill-extending-the-domestic-minerals-purchase-programs
10389,memorandum,,delegation authority under section 1212 the national defense authorization act,"December 19, 1997",https://www.presidency.ucsb.edu/documents/memorandum-delegation-authority-under-section-1212-the-national-defense-authorization-act
8751,memorandum,,delegation authority under section 5948d the james m inhofe national defense,"April 25, 2023",https://www.presidency.ucsb.edu/documents/memorandum-delegation-authority-under-section-5948d-the-james-m-inhofe-national-defense
10916,memorandum,,determination fy 1992 refugee admissions numbers and authorizations country,"October 09, 1991",https://www.presidency.ucsb.edu/documents/memorandum-determination-fy-1992-refugee-admissions-numbers-and-authorizations-country
10976,memorandum,,assistance for the economic community west africa states ecowas support the,"January 07, 1991",https://www.presidency.ucsb.edu/documents/memorandum-assistance-for-the-economic-community-west-africa-states-ecowas-support-the
9788,memorandum,2006-05,suspension limitations under the jerusalem embassy act 5,"December 14, 2005",https://www.presidency.ucsb.edu/documents/memorandum-suspension-limitations-under-the-jerusalem-embassy-act-5
9366,memorandum,,delegation authority suspend the provisions title iii the cuban liberty and,"January 31, 2013",https://www.presidency.ucsb.edu/documents/memorandum-delegation-authority-suspend-the-provisions-title-iii-the-cuban-liberty-and
9865,memorandum,,further strengthening federal bureau investigation capabilities,"November 18, 2004",https://www.presidency.ucsb.edu/documents/memorandum-further-strengthening-federal-bureau-investigation-capabilities
9562,memorandum,,designation officers the united states section international boundary and water,"August 31, 2009",https://www.presidency.ucsb.edu/documents/memorandum-designation-officers-the-united-states-section-international-boundary-and-water
18423,proclamation,5807,asianpacific american heritage week 1988,"May 03, 1988",https://www.presidency.ucsb.edu/documents/proclamation-5807-asianpacific-american-heritage-week-1988
18354,proclamation,5879,national paralysis awareness week 1988,"October 07, 1988",https://www.presidency.ucsb.edu/documents/proclamation-5879-national-paralysis-awareness-week-1988
14957,proclamation,3021,theodore roosevelt week,"June 14, 1953",https://www.presidency.ucsb.edu/documents/proclamation-3021-theodore-roosevelt-week
16389,proclamation,6826,gold star mothers day 1995,"September 21, 1995",https://www.presidency.ucsb.edu/documents/proclamation-6826-gold-star-mothers-day-1995
16870,proclamation,6345,veterans day 1991,"October 03, 1991",https://www.presidency.ucsb.edu/documents/proclamation-6345-veterans-day-1991
13124,proclamation,8855,national prostate cancer awareness month 2012,"August 31, 2012",https://www.presidency.ucsb.edu/documents/proclamation-8855-national-prostate-cancer-awareness-month-2012
12785,proclamation,9193,columbus day 2014,"October 10, 2014",https://www.presidency.ucsb.edu/documents/proclamation-9193-columbus-day-2014
16483,proclamation,6732,general pulaski memorial day 1994,"October 05, 1994",https://www.presidency.ucsb.edu/documents/proclamation-6732-general-pulaski-memorial-day-1994
12575,proclamation,9399,american red cross month 2016,"February 29, 2016",https://www.presidency.ucsb.edu/documents/proclamation-9399-american-red-cross-month-2016
19860,proclamation,4373,eligibility period for wartime veterans benefits,"May 07, 1975",https://www.presidency.ucsb.edu/documents/proclamation-4373-eligibility-period-for-wartime-veterans-benefits
19227,proclamation,5006,world communications year 1983 development communications,"December 16, 1982",https://www.presidency.ucsb.edu/documents/proclamation-5006-world-communications-year-1983-development-communications
12110,proclamation,9871,older americans month 2019,"April 30, 2019",https://www.presidency.ucsb.edu/documents/proclamation-9871-older-americans-month-2019
15209,proclamation,2770,red cross month 1948,"February 18, 1948",https://www.presidency.ucsb.edu/documents/proclamation-2770-red-cross-month-1948
13225,proclamation,8752,world freedom day 2011,"November 08, 2011",https://www.presidency.ucsb.edu/documents/proclamation-8752-world-freedom-day-2011
14561,proclamation,3416,flag day 1961,"May 30, 1961",https://www.presidency.ucsb.edu/documents/proclamation-3416-flag-day-1961
14335,proclamation,3642,cancer control month 1965,"March 04, 1965",https://www.presidency.ucsb.edu/documents/proclamation-3642-cancer-control-month-1965
12001,proclamation,9977,martin luther king jr federal holiday 2020,"January 17, 2020",https://www.presidency.ucsb.edu/documents/proclamation-9977-martin-luther-king-jr-federal-holiday-2020
14316,proclamation,3661,captive nations week 1965,"July 02, 1965",https://www.presidency.ucsb.edu/documents/proclamation-3661-captive-nations-week-1965
12224,proclamation,9750,national safe boating week 2018,"May 18, 2018",https://www.presidency.ucsb.edu/documents/proclamation-9750-national-safe-boating-week-2018
19967,proclamation,4266,national inventors day 1974,"February 07, 1974",https://www.presidency.ucsb.edu/documents/proclamation-4266-national-inventors-day-1974
18723,proclamation,5509,let freedom ring day 1986,"July 02, 1986",https://www.presidency.ucsb.edu/documents/proclamation-5509-let-freedom-ring-day-1986
16446,proclamation,6770,national poison prevention week 1995,"February 15, 1995",https://www.presidency.ucsb.edu/documents/proclamation-6770-national-poison-prevention-week-1995
14309,proclamation,3668,national highway week 1965,"August 17, 1965",https://www.presidency.ucsb.edu/documents/proclamation-3668-national-highway-week-1965
12641,proclamation,9336,national disability employment awareness month 2015,"September 30, 2015",https://www.presidency.ucsb.edu/documents/proclamation-9336-national-disability-employment-awareness-month-2015
19195,proclamation,5041,prayer for peace memorial day 1983,"April 04, 1983",https://www.presidency.ucsb.edu/documents/proclamation-5041-prayer-for-peace-memorial-day-1983
14414,proclamation,3563,bill rights day human rights day,"December 02, 1963",https://www.presidency.ucsb.edu/documents/proclamation-3563-bill-rights-day-human-rights-day
15952,proclamation,7264,establishment the california coastal national monument,"January 11, 2000",https://www.presidency.ucsb.edu/documents/proclamation-7264-establishment-the-california-coastal-national-monument
17769,proclamation,10464,national community policing week 2022,"September 30, 2022",https://www.presidency.ucsb.edu/documents/proclamation-10464-national-community-policing-week-2022
19550,proclamation,4682,national hunting and fishing day 1979,"September 11, 1979",https://www.presidency.ucsb.edu/documents/proclamation-4682-national-hunting-and-fishing-day-1979
17451,proclamation,10781,60th anniversary the civil rights act,"July 01, 2024",https://www.presidency.ucsb.edu/documents/proclamation-10781-60th-anniversary-the-civil-rights-act
19380,proclamation,4853,commodore john barry day,"August 20, 1981",https://www.presidency.ucsb.edu/documents/proclamation-4853-commodore-john-barry-day
19980,proclamation,4253,proclamation amending part 3 the appendix the tariff schedules the,"October 31, 1973",https://www.presidency.ucsb.edu/documents/proclamation-4253-proclamation-amending-part-3-the-appendix-the-tariff-schedules-the
12973,proclamation,9003,womens equality day 2013,"August 23, 2013",https://www.presidency.ucsb.edu/documents/proclamation-9003-womens-equality-day-2013
15354,proclamation,7864,religious freedom day 2005,"January 14, 2005",https://www.presidency.ucsb.edu/documents/proclamation-7864-religious-freedom-day-2005
12931,proclamation,9046,death thomas s foley former speaker the house representatives,"October 28, 2013",https://www.presidency.ucsb.edu/documents/proclamation-9046-death-thomas-s-foley-former-speaker-the-house-representatives
18884,proclamation,5349,youth suicide prevention month 1985,"June 04, 1985",https://www.presidency.ucsb.edu/documents/proclamation-5349-youth-suicide-prevention-month-1985
17965,proclamation,10274,national manufacturing day 2021,"September 30, 2021",https://www.presidency.ucsb.edu/documents/proclamation-10274-national-manufacturing-day-2021
18389,proclamation,5844,thanksgiving day 1988,"August 04, 1988",https://www.presidency.ucsb.edu/documents/proclamation-5844-thanksgiving-day-1988
12325,proclamation,9653,fire prevention week 2017,"October 06, 2017",https://www.presidency.ucsb.edu/documents/proclamation-9653-fire-prevention-week-2017
13033,proclamation,8944,establishment the first state national monument,"March 25, 2013",https://www.presidency.ucsb.edu/documents/proclamation-8944-establishment-the-first-state-national-monument
16321,proclamation,6894,older americans month 1996,"May 13, 1996",https://www.presidency.ucsb.edu/documents/proclamation-6894-older-americans-month-1996
12751,proclamation,9225,national slavery and human trafficking prevention month 2015,"December 31, 2014",https://www.presidency.ucsb.edu/documents/proclamation-9225-national-slavery-and-human-trafficking-prevention-month-2015
18196,proclamation,10035,national safe boating week 2020,"May 15, 2020",https://www.presidency.ucsb.edu/documents/proclamation-10035-national-safe-boating-week-2020
13062,proclamation,8915,human rights day and human rights week 2012,"December 10, 2012",https://www.presidency.ucsb.edu/documents/proclamation-8915-human-rights-day-and-human-rights-week-2012
16346,proclamation,6870,national park week 1996,"March 08, 1996",https://www.presidency.ucsb.edu/documents/proclamation-6870-national-park-week-1996
19460,proclamation,4772,national porcelain art month,"July 02, 1980",https://www.presidency.ucsb.edu/documents/proclamation-4772-national-porcelain-art-month
16471,proclamation,6741,white cane safety day 1994,"October 14, 1994",https://www.presidency.ucsb.edu/documents/proclamation-6741-white-cane-safety-day-1994
17539,proclamation,10693,national human trafficking prevention month 2024,"December 29, 2023",https://www.presidency.ucsb.edu/documents/proclamation-10693-national-human-trafficking-prevention-month-2024
17148,proclamation,6071,national philanthropy day 1989,"November 15, 1989",https://www.presidency.ucsb.edu/documents/proclamation-6071-national-philanthropy-day-1989
13330,proclamation,8647,world autism awareness day 2011,"April 01, 2011",https://www.presidency.ucsb.edu/documents/proclamation-8647-world-autism-awareness-day-2011
7626,letter,,the president the senate and the speaker the house transmitting the bill for the,"April 28, 1964",https://www.presidency.ucsb.edu/documents/letter-the-president-the-senate-and-the-speaker-the-house-transmitting-the-bill-for-the
7839,letter,,president frondizi argentina concerning the alliance for progress,"April 27, 1961",https://www.presidency.ucsb.edu/documents/letter-president-frondizi-argentina-concerning-the-alliance-for-progress
6229,letter,,withdrawal the nomination admiral bobby r inman be secretary defense,"January 18, 1994",https://www.presidency.ucsb.edu/documents/letter-withdrawal-the-nomination-admiral-bobby-r-inman-be-secretary-defense
5109,letter,,congressional leaders the war powers resolution report for libya and yemen,"September 14, 2012",https://www.presidency.ucsb.edu/documents/letter-congressional-leaders-the-war-powers-resolution-report-for-libya-and-yemen
7135,letter,,heads departments and agencies data collection the federal government,"March 03, 1976",https://www.presidency.ucsb.edu/documents/letter-heads-departments-and-agencies-data-collection-the-federal-government
5514,letter,,congressional leaders transmitting report the national emergency with respect 20,"November 26, 2002",https://www.presidency.ucsb.edu/documents/letter-congressional-leaders-transmitting-report-the-national-emergency-with-respect-20
6333,letter,,congressional leaders transmitting report withdrawal russian and commonwealth,"November 19, 1992",https://www.presidency.ucsb.edu/documents/letter-congressional-leaders-transmitting-report-withdrawal-russian-and-commonwealth
6971,letter,,embargo regulations under the trading with the enemy act letter the speaker the house 0,"September 12, 1979",https://www.presidency.ucsb.edu/documents/embargo-regulations-under-the-trading-with-the-enemy-act-letter-the-speaker-the-house-0
7307,letter,,the senate minority leader about the proposed constitutional amendment equal rights,"March 18, 1972",https://www.presidency.ucsb.edu/documents/letter-the-senate-minority-leader-about-the-proposed-constitutional-amendment-equal-rights
8414,letter,,the chairman science advisory committee,"April 20, 1951",https://www.presidency.ucsb.edu/documents/letter-the-chairman-science-advisory-committee
6928,letter,,the chairman the us international trade commission the domestic automobile industry,"July 09, 1980",https://www.presidency.ucsb.edu/documents/letter-the-chairman-the-us-international-trade-commission-the-domestic-automobile-industry
8159,letter,,accompanying medallion for presentation sir winston churchill his 81st birthday,"November 30, 1955",https://www.presidency.ucsb.edu/documents/letter-accompanying-medallion-for-presentation-sir-winston-churchill-his-81st-birthday
8509,letter,,accepting resignation james forrestal secretary defense,"March 03, 1949",https://www.presidency.ucsb.edu/documents/letter-accepting-resignation-james-forrestal-secretary-defense
4744,letter,,congressional leaders continuation the national emergency with respect the 25,"June 24, 2020",https://www.presidency.ucsb.edu/documents/letter-congressional-leaders-continuation-the-national-emergency-with-respect-the-25
5938,letter,,congressional leaders transmitting the annual certification the nuclear weapons,"February 11, 1998",https://www.presidency.ucsb.edu/documents/letter-congressional-leaders-transmitting-the-annual-certification-the-nuclear-weapons
4833,letter,,congressional leaders transmitting security and stability strategy for somalia,"December 14, 2018",https://www.presidency.ucsb.edu/documents/letter-congressional-leaders-transmitting-security-and-stability-strategy-for-somalia
5820,letter,,congressional leaders transmitting report normal trade relations status for vietnam,"June 03, 1999",https://www.presidency.ucsb.edu/documents/letter-congressional-leaders-transmitting-report-normal-trade-relations-status-for-vietnam
6982,letter,,the cyprus conflict letter the speaker the house and the chairman the senate foreign 2,"July 25, 1979",https://www.presidency.ucsb.edu/documents/the-cyprus-conflict-letter-the-speaker-the-house-and-the-chairman-the-senate-foreign-2
6478,letter,,congressional leaders additional economic measures taken with respect iraq and,"August 09, 1990",https://www.presidency.ucsb.edu/documents/letter-congressional-leaders-additional-economic-measures-taken-with-respect-iraq-and
8399,letter,,the president the senate recommending legislation terminate the state war with,"July 09, 1951",https://www.presidency.ucsb.edu/documents/letter-the-president-the-senate-recommending-legislation-terminate-the-state-war-with
6652,letter,,the speaker the house representatives and the president the senate reporting the 2,"January 09, 1987",https://www.presidency.ucsb.edu/documents/letter-the-speaker-the-house-representatives-and-the-president-the-senate-reporting-the-2
6638,letter,,the speaker the house representatives and the chairman the senate foreign 10,"April 21, 1987",https://www.presidency.ucsb.edu/documents/letter-the-speaker-the-house-representatives-and-the-chairman-the-senate-foreign-10
5680,letter,,congressional leaders transmitting report united states participation the united,"December 19, 2000",https://www.presidency.ucsb.edu/documents/letter-congressional-leaders-transmitting-report-united-states-participation-the-united
5939,letter,,the chairman and members the federal communications commission free and discounted,"February 05, 1998",https://www.presidency.ucsb.edu/documents/letter-the-chairman-and-members-the-federal-communications-commission-free-and-discounted
7124,letter,,prime minister yitzhak rabin israel the israeli rescue hostages uganda,"July 04, 1976",https://www.presidency.ucsb.edu/documents/letter-prime-minister-yitzhak-rabin-israel-the-israeli-rescue-hostages-uganda
6369,letter,,congressional leaders trade with syria,"June 15, 1992",https://www.presidency.ucsb.edu/documents/letter-congressional-leaders-trade-with-syria
6990,letter,,the cyprus conflict letter the speaker the house and the chairman the senate foreign 1,"June 04, 1979",https://www.presidency.ucsb.edu/documents/the-cyprus-conflict-letter-the-speaker-the-house-and-the-chairman-the-senate-foreign-1
5136,letter,,congressional leaders transmitting report related afghanistan and pakistan 3,"September 30, 2011",https://www.presidency.ucsb.edu/documents/letter-congressional-leaders-transmitting-report-related-afghanistan-and-pakistan-3
8387,letter,,the chairman senate committee appropriations us contributions the un and other,"August 07, 1951",https://www.presidency.ucsb.edu/documents/letter-the-chairman-senate-committee-appropriations-us-contributions-the-un-and-other
4603,letter,,the united states strategy prevent conflict and promote stability,"March 24, 2023",https://www.presidency.ucsb.edu/documents/letter-the-united-states-strategy-prevent-conflict-and-promote-stability
8035,letter,,senator lyndon b johnson response congressional requests for the killian and,"January 22, 1958",https://www.presidency.ucsb.edu/documents/letter-senator-lyndon-b-johnson-response-congressional-requests-for-the-killian-and
8408,letter,,senator maybank the limitation public housing the appropriations bill,"May 22, 1951",https://www.presidency.ucsb.edu/documents/letter-senator-maybank-the-limitation-public-housing-the-appropriations-bill
4764,letter,,congressional leaders the effect titanium sponge imports the national security,"March 28, 2020",https://www.presidency.ucsb.edu/documents/letter-congressional-leaders-the-effect-titanium-sponge-imports-the-national-security
5180,letter,,congressional leaders the global deployments united states combat equipped armed 1,"June 15, 2010",https://www.presidency.ucsb.edu/documents/letter-congressional-leaders-the-global-deployments-united-states-combat-equipped-armed-1
7417,letter,,telegram the performance the national alliance businessmen aid the hard core unemployed,"June 21, 1968",https://www.presidency.ucsb.edu/documents/telegram-the-performance-the-national-alliance-businessmen-aid-the-hard-core-unemployed
4634,letter,,congressional leaders the continuation the national emergency with respect hong 0,"July 11, 2022",https://www.presidency.ucsb.edu/documents/letter-congressional-leaders-the-continuation-the-national-emergency-with-respect-hong-0
7833,letter,,president paz estenssoro concerning long range program for the development bolivia,"May 15, 1961",https://www.presidency.ucsb.edu/documents/letter-president-paz-estenssoro-concerning-long-range-program-for-the-development-bolivia
7518,letter,,reply letter from group senators relating the situation vietnam,"January 28, 1966",https://www.presidency.ucsb.edu/documents/reply-letter-from-group-senators-relating-the-situation-vietnam
6665,letter,,congressional leaders united states assistance for the nicaraguan democratic,"September 10, 1986",https://www.presidency.ucsb.edu/documents/letter-congressional-leaders-united-states-assistance-for-the-nicaraguan-democratic
5303,letter,,the speaker the house representatives transmitting budget amendments for,"June 27, 2006",https://www.presidency.ucsb.edu/documents/letter-the-speaker-the-house-representatives-transmitting-budget-amendments-for
8045,letter,,dr howard l bevis response the report the presidents committee scientists and,"November 29, 1957",https://www.presidency.ucsb.edu/documents/letter-dr-howard-l-bevis-response-the-report-the-presidents-committee-scientists-and
8301,letter,,recommending living expense deductions for the president vice president and speaker,"January 02, 1953",https://www.presidency.ucsb.edu/documents/letter-recommending-living-expense-deductions-for-the-president-vice-president-and-speaker
6385,letter,,congressional leaders reporting the cyprus conflict 3,"February 25, 1992",https://www.presidency.ucsb.edu/documents/letter-congressional-leaders-reporting-the-cyprus-conflict-3
6989,letter,,hazardous waste disposal letter the speaker the house and the president the senate,"June 13, 1979",https://www.presidency.ucsb.edu/documents/hazardous-waste-disposal-letter-the-speaker-the-house-and-the-president-the-senate
6707,letter,,the speaker the house and the president the senate the removal portugal trade,"October 22, 1985",https://www.presidency.ucsb.edu/documents/letter-the-speaker-the-house-and-the-president-the-senate-the-removal-portugal-trade
7982,letter,,senator theodore francis green concerning the situation the far east,"October 05, 1958",https://www.presidency.ucsb.edu/documents/letter-senator-theodore-francis-green-concerning-the-situation-the-far-east
4824,letter,,the speaker the house representatives the postponement her foreign travel,"January 17, 2019",https://www.presidency.ucsb.edu/documents/letter-the-speaker-the-house-representatives-the-postponement-her-foreign-travel
5479,letter,,congressional leaders transmitting report north atlantic treaty organization,"March 25, 2003",https://www.presidency.ucsb.edu/documents/letter-congressional-leaders-transmitting-report-north-atlantic-treaty-organization
5738,letter,,congressional leaders reporting sanctions under the foreign narcotics kingpin,"June 01, 2000",https://www.presidency.ucsb.edu/documents/letter-congressional-leaders-reporting-sanctions-under-the-foreign-narcotics-kingpin
6775,letter,,the speaker the house and the president the senate the designation certain,"December 29, 1983",https://www.presidency.ucsb.edu/documents/letter-the-speaker-the-house-and-the-president-the-senate-the-designation-certain
