case_id,child_id,assigned_family,decision,selected_candidate_label,confidence,relationship_type,rationale,candidate_ranking,selected_parent_id,retrieval_sources,word5_score,word5_rank,word10_score,word10_rank,bm25_score,bm25_rank,function_score,function_rank
SHC001,693,ieepa_action,candidate,C20,0.97,both,"C20 plausibly supplied a material drafting template. The child follows C20's same operative sequence—property blocking and designation criteria, entry suspension tied to the same criteria, donation prohibition, contribution/service restrictions, anti-evasion and conspiracy provisions, definitions, no-prior-notice finding, and Treasury implementation authority. More distinctively, the child's designation machinery adapts C20's criteria concerning threats to peace, security, stability, sovereignty, or territorial integrity; misappropriation of state assets; leadership of culpable entities; material assistance; and ownership or control. C17 is a strong secondary source for the child's detailed civilian-targeting language and use of UNPA authority, while C08 closely matches the overall section order and emergency-expansion framing.",C20|C17|C08,759,bm25|function|word10|word5,0.4578668773174286,4,0.39903780817985535,3,635.0633327830337,5,0.8213162422180176,2
SHC002,222,ieepa_action,candidate,C21,0.99,both,"C21 is the concrete and material source directive that the child expressly identifies and textually amends. The child preserves C21's tariff machinery, crisis-assessment mechanism, responsible officials, and conditional response, while postponing the effective date of duties imposed by C21. C19 and C02 are strong but weaker analogues because they use nearly identical IEEPA tariff and interagency-review structures for Canada and the PRC, respectively, without being the directive amended by the child.",C21|C19|C02,226,bm25|function|word5,0.14065037667751312,1,0.057634469121694565,8,322.41730296958355,1,0.6260214447975159,1
SHC003,4859,ieepa_action,candidate,C22,0.99,both,"C22 plausibly supplied a concrete and material template for the child. The child closely reproduces C22's distinctive factual indictment of Iran and its four-part policy formulation, then reports the sanctions-restoration action that C22 specifically ordered. C21 and C20 are also strong antecedents for the child's historical narrative, section-by-section sanctions description, and congressional-report format, but C22 has the clearest distinctive language and immediate functional continuity.",C22|C21|C20,9066,bm25|word10|word5,0.13884779810905457,3,0.06263422966003418,3,509.6492772698852,2,0.4202613830566406,5119
SHC004,6561,ieepa_action,candidate,C13,0.99,both,"C13 is an earlier report on the same Libyan national emergency and supplies both distinctive language and the material reporting architecture reused by the child: identification of the prior report and statutory authorities, review of Libyan Sanctions Regulations and related Commerce/Transportation measures, licensing activity, enforcement, attributable federal expenses, and the concluding determination that Libya remains an unusual and extraordinary threat followed by promises to continue sanctions and periodic reporting. C15 and C08 are strong secondary analogues for the same sanctions-report structure, but concern Nicaragua rather than the child's Libyan reporting series.",C13|C15|C08,6613,bm25|function|word10|word5,0.2986434996128082,1,0.23834310472011566,1,559.448066985389,1,0.7433990240097046,1
SHC005,6044,ieepa_action,candidate,C06,0.99,both,"C06 is expressly identified by the child as the existing order being amended, and it supplies the concrete interagency license-review machinery that the new order revises. Most decisively, C06 establishes the Operating Committee and makes its Chair the first-level decisionmaker; the child describes replacing that precise mechanism with a majority vote for two transferred technology sectors. This is a direct, material adaptation of both C06's language and administrative structure. C03 supplies the broader emergency export-control framework but not the specific procedure revised, while C11 merely offers a less distinctive executive-order transmittal pattern.",C06|C03|C11,1438,bm25,0.019745079800486565,38,0.0,84,131.22320109111894,1,,
SHC006,5870,ieepa_action,candidate,C11,0.99,both,"C11 is the immediately preceding same-series Iran emergency report and supplies both the child’s overall five-part structure and extensive near-verbatim language. The child updates C11’s regulatory status, Tribunal award totals and account balances, Cases A/28 and A/29, government claims and settlement payments, private claims, and the identical concluding justification. C05 and C04 are earlier iterations of the same recurring template, but C11 is materially closer in wording, organization, and continuing matters.",C11|C05|C04,5968,bm25|word10|word5,0.4384731650352478,1,0.3172569274902344,1,668.2448626558585,1,0.7910656929016113,6
SHC007,6460,ieepa_action,candidate,C16,0.98,both,"C16 plausibly supplied a concrete drafting template for the child. Both are periodic reports on the same Iran national emergency and share a highly specific framework: an opening identifying the same two emergency directives and statutory reporting authorities; discussion of the Iranian Transactions Regulations, licensing of pre-embargo Iranian carpets, Customs seizures, and enforcement; numbered updates on the Iran-United States Claims Tribunal, large and small claims, government-to-government claims, Security Account replenishments, and Bank Markazi payments; and an almost verbatim concluding assessment of the Iranian Assets Control Regulations and Iranian Transactions Regulations. C05 and C22 are earlier Iran-report templates with parallel Tribunal and claims sections, but they lack C16's later dual-regulation framework and are less textually close.",C16|C05|C22,6570,bm25|word10|word5,0.30318304896354675,1,0.21635471284389496,1,862.9482810741008,1,,
SHC008,71,ieepa_action,candidate,C18,0.98,both,"C18 is a compelling direct template because it addresses the identical distinctive problem—wrongful detention of U.S. nationals abroad—and supplies concrete machinery reused by the child: State Department identification or designation, sanctions under IEEPA, section 7031(c) designations, immigration restrictions coordinated with Homeland Security, and statutory definitions of wrongful detention and U.S. nationals. The child reorganizes that person-focused sanctions framework into a country-level designation-and-response regime, but the shared language, authorities, actors, and operative tools are too specific and extensive to be explained as broad topical similarity or routine boilerplate. C04 and C08 are the next strongest because they use a determination that a foreign country committed specified conduct, followed by a defined menu of country-level assistance, arms, and export restrictions and provisions governing termination, but their different WMD subject makes them weaker than C18.",C18|C04|C08,341,bm25|word5,0.033717285841703415,3,0.00640864809975028,13,308.46587471841826,1,0.5776599645614624,19
SHC009,4721,ieepa_action,candidate,C15,0.93,both,"C15 plausibly supplied a concrete drafting template for the later congressional letter. Both are Trump-era letters reporting a newly declared national emergency, explain a foreign-adversary threat to a strategically important U.S. system, summarize transaction prohibitions administered through a designated Secretary and interagency consultation, delegate IEEPA implementation and rulemaking powers, direct government-wide implementation, and close by enclosing the Executive Order. The unusually close wording and provision sequence exceed routine reporting boilerplate. C23 and C08 share the same administration's PRC-focused prohibition-and-delegation letter form, but concern narrower application-specific transactions and an existing emergency, making them weaker templates.",C15|C23|C08,4756,bm25|word10|word5,0.1619027554988861,1,0.10530765354633331,1,195.80030373781076,1,0.6839386820793152,14
SHC010,6571,ieepa_action,candidate,C03,0.99,both,"C03 is the immediately preceding report in the same Nicaragua emergency-reporting series and plainly supplied both the language and organization of the child. The child repeats C03's opening description of the emergency and four prohibitions, statutory-authority paragraph, regulatory update, licensing discussion, enforcement section, policy justification, expense accounting, and concluding threat/continued-reporting language, while updating dates, figures, and intervening developments. C21 is an earlier version of substantially the same reporting template. C18 materially supplied the quoted description of the underlying sanctions but not the report's broader structure.",C03|C21|C18,6595,bm25|function|same_family_recent|word10|word5,0.43287909030914307,1,0.37705808877944946,1,810.3978872593356,1,0.7975161671638489,1
SHC011,6659,ieepa_action,candidate,C22,0.98,both,"C22 plausibly supplied the principal reporting template: both are presidential letters reporting to Congress on developments since the previous report concerning a declared national emergency, organize the substantive report as numbered developments, and close by stating that the underlying foreign-policy problem persists, emergency powers will continue to be exercised, and periodic congressional reports will continue. C01 also materially supplied the Nicaragua-specific substance, including the four prohibitions and threat formulation, but it is the underlying sanctions order rather than the strongest template for the later report's form. C07 shares Nicaragua-related transmittal conventions and some policy language, but less of the distinctive emergency-report machinery.",C22|C01|C07,6742,bm25|function|word10|word5,0.03662131354212761,2,0.0075642429292202,2,190.14103631066092,5,0.6740838885307312,1
SHC012,6162,ieepa_action,candidate,C25,0.99,both,"C25 is an earlier report in the same Iran-emergency reporting series and supplies a concrete drafting template for the child. The documents share an almost verbatim opening, the same statutory authorities, and the same numbered progression from regulatory status and FAC/Customs enforcement through Claims Tribunal activity, Security Account replenishment, government claims, and Foreign Claims Settlement Commission work. Their concluding assessments and commitments are also nearly identical. C05 and C12 share much of this machinery, but C25 is chronologically closer and its wording and organization most closely match the child.",C25|C05|C12,6336,bm25|function|word10|word5,0.41055312752723694,1,0.2867285907268524,1,815.9389375186506,1,0.784619927406311,1
SHC013,4756,ieepa_action,candidate,C06,0.99,both,"C06 is a clear, concrete drafting template for the substance of the later congressional letter. The child adapts C06's national-emergency findings and transaction-control machinery from information and communications technology and services to bulk-power system electric equipment. It preserves distinctive language about foreign-adversary ownership or control, balancing an open investment climate against national-security needs, the same three-part risk test, and authority to direct cessation of transactions, adopt regulations, and employ IEEPA powers. C02 and C21 are the strongest secondary candidates because they share the Trump-era congressional-report structure and similar delegation and agency-implementation language, but those features are less distinctive and material than the extensive correspondence with C06.",C06|C02|C21,546,bm25|word10|word5,0.40668410062789917,1,0.26189762353897095,1,349.5716241860507,1,0.5722320079803467,186
SHC014,5968,ieepa_action,candidate,C08,0.99,both,"C08 is the immediately preceding report in the same Iran-emergency reporting series and supplies both the later letter’s highly specific language and its substantive organization. The child updates the same five-part framework: regulatory amendments; Tribunal awards and Security Account replenishment; government-to-government claims; private U.S.-national claims; and a nearly verbatim concluding assessment and commitment. C04 and C14 are also strong antecedents in the same drafting lineage, but C08 is the most direct template because the child expressly identifies the May 1997 report as intervening while carrying forward matters and formulations already present in C08.",C08|C04|C14,6037,bm25|function|word10|word5,0.2498367428779602,1,0.1833064705133438,1,653.847758926408,1,0.7711457014083862,4
SHC015,4809,ieepa_action,candidate,C11,0.93,both,"C11 plausibly supplied a material drafting template for the child's core implementation paragraph. Both use the same compact sequence: report an order taking additional steps regarding an existing national emergency; delegate authority to Treasury to take actions, adopt rules and regulations, and employ presidential IEEPA powers as necessary to implement the order; then direct all executive departments and agencies to take appropriate measures within their authority to implement it. C06 and C12 more closely match the child's three-official consultation structure, including the Attorney General, but their remaining phrasing is less distinctive and appears to reflect the same recurring sanctions-letter form.",C11|C06|C12,4895,function,0.23055362701416016,10,0.049322277307510376,31,101.33492542016886,19,0.762738049030304,4
SHC016,5607,ieepa_action,candidate,C07,0.98,both,"C07 is a highly plausible material template because it establishes the same emergency machinery for preserving the Export Administration Act regime after expiration. The child closely restates C07's continuation of Commerce regulations and administrative actions, section 38(e) administration, IEEPA inconsistency exception, threat rationale, antiboycott purpose, and continuation pending replacement legislation. C10 is an earlier version of substantially the same machinery, while C12 is a related congressional-reporting letter but concerns a narrower revision of encryption controls.",C07|C10|C12,1495,word10|word5,0.052876174449920654,3,0.0238934438675642,3,210.61172939690434,10,0.5885144472122192,173
SHC017,6425,ieepa_action,candidate,C15,0.99,both,"C15 is the child’s expressly identified immediately preceding report and supplies a concrete, material template for it. The child repeats C15’s opening statutory-reporting formula, reporting-period linkage, numbered organization, treatment of the Iranian Transactions and Assets Control Regulations, licensing and enforcement activity, Claims Tribunal statistics, Security Account replenishment, large and small claims, government-to-government claims, bank-syndicate settlements, and a nearly verbatim concluding rationale. C19 and C17 are earlier reports in the same Iran reporting series and share substantial machinery, but C15 is the direct and strongest drafting source.",C15|C19|C17,6460,bm25|function|same_family_recent|word10|word5,0.3259206712245941,1,0.22077856957912445,1,838.0910926216507,1,0.7682251930236816,1
SHC018,5143,ieepa_action,candidate,C14,0.99,both,"C14 is an exceptionally strong template candidate. It is an earlier congressional reporting letter concerning the same Syrian national-emergency framework, and the child reproduces its overall paragraph sequence and extensive language nearly verbatim: report issuance and recount the emergency history; summarize Annex blocking and designation criteria; describe Treasury's implementation and unblocking delegations; state the effective time and agency directive; and enclose the order. The child adapts this concrete letter template to the additional May 18 sanctions and new designation criteria.",C14|C19|C06,5146,bm25|function|same_family_recent|word10|word5,0.6263830661773682,1,0.5292065739631653,1,507.5375890694446,1,0.7281962633132935,2
SHC019,6036,ieepa_action,candidate,C03,0.99,both,"C03 is a highly persuasive drafting template. The two letters share an almost verbatim opening that invokes the same national emergency, expiration of the Export Administration Act, statutory reporting authority, and issuance of an attached Executive order revising Commerce export-control administration. They then follow the same sequence: identify products transferred from the State Department's Munitions List to Commerce's Control List, explain an accompanying amendment to the same December 5, 1995 interagency license-review directive, and describe the product-specific procedural change. The child adapts this concrete framework from satellites and jet-engine technology to encryption products, adding Justice Department review and foreign-availability rules. C21 is a weaker functional analogue for maintaining controls notwithstanding foreign availability, while C10 supplies background emergency export-control machinery but not the child's specific letter structure.",C03|C21|C10,6044,bm25|function|word10|word5,0.3860257565975189,1,0.31390702724456787,1,306.2990907990862,1,0.6612752676010132,1
SHC020,6037,ieepa_action,candidate,C19,0.98,both,"C19 is an earlier installment in the same Iran-emergency reporting series and plausibly supplied substantial drafting material for the child. The documents share highly specific introductory and concluding language, the same regulatory and Iran–United States Claims Tribunal framework, and a parallel progression from regulatory developments to Tribunal awards and Security Account status, government-to-government cases, and the continuing national-security justification. C16 and C01 share the same series architecture, but C19 is temporally closer and contains several particular proceedings and formulations carried forward into the child.",C19|C16|C01,6162,bm25|function|word10|word5,0.11459951102733612,1,0.06757500767707825,1,582.1668858883404,1,0.7573952674865723,3
SHC021,4928,property_blocking,candidate,C21,0.96,both,"C21 plausibly supplied a concrete drafting template for the child. Both are Obama letters to congressional leaders reporting an Executive Order that withdraws sanctions after positive political developments, recounting the original emergency and subsequent measures, finding that changed circumstances eliminate the need for those measures, announcing revocation, addressing a statutory sanctions waiver, and enclosing the order. The shared sequence and closely corresponding language are substantially more specific than routine reporting boilerplate. C09 is also a strong model for a letter revoking multiple sanctions orders while retaining or implementing other authorities, but its predicate and organization are less closely aligned. C01 shares the altered-circumstances/no-further-need/revocation structure but lacks the waiver and multiple-order machinery.",C21|C09|C01,4946,bm25|function|word10|word5,0.05305773764848709,2,0.029064718633890152,1,209.47596389157385,4,0.6525699496269226,1
SHC022,829,property_blocking,candidate,C05,0.99,both,"C05 plausibly supplied a concrete and material drafting template. The child's section 3 reproduces C05's distinctive five-part sanctions machinery—loan and credit restrictions, foreign-exchange prohibitions, interbank-transfer prohibitions, property blocking, and import restrictions—in the same order and with nearly identical language. It also carries forward C05's linked donation determination, contribution prohibitions, anti-evasion provisions, specialized financial definitions, no-prior-notice finding, Treasury implementation authority, and Iran/Algiers clause, while adapting the trigger and defined term from an “ISA-sanctioned person” to a person sanctioned for specified petroleum or petrochemical support. C04 is the next strongest because it shares the Iran-specific emergency framework and some ancillary text, but it lacks the distinctive menu of five sanctions. C03 has close contemporary blocking-order language but mainly supplies standard IEEPA machinery rather than the child's central sanctions architecture.",C05|C04|C03,845,bm25|function|word10|word5,0.38723424077033997,1,0.3267732858657837,1,640.5882695524759,1,0.7217180728912354,1
SHC023,348,property_blocking,candidate,C09,0.99,both,"C09 plausibly supplied a concrete and material drafting template. The child expressly identifies the March 11, 2022 directive as an earlier step and closely reproduces C09's operative architecture: a subsection listing Russia-related prohibitions, including new investment, exports or supply, and facilitation of otherwise prohibited foreign transactions; the same exceptions clause; identical anti-evasion and conspiracy provisions; the same official-business exemption; substantially identical definitions; and nearly identical implementation and redelegation language. C24 is also a very strong related template, while C04 contains the same transactional machinery but is less immediately aligned with the child's Russia-wide sanctions and section sequence.",C09|C24|C04,351,bm25|same_family_recent|word10|word5,0.8017752766609192,1,0.6679246425628662,2,504.1474265988713,1,0.7524461150169373,6
SHC024,650,property_blocking,candidate,C23,0.88,both,"C23 plausibly supplied a material immigration-counterterrorism drafting template. Both directives expressly respond to September 11 by adopting a national policy of preventing terrorist-associated aliens from entering the United States, then use coordinated visa screening, interagency intelligence and data sharing, enhanced immigration enforcement, program development, and timed presidential reporting. These parallels are substantially more concrete than a shared broad security topic. C19 has unusually close entry-suspension and national-interest-exception language, but it is embedded in a sanctions order and covers individually designated persons rather than countrywide screening. C12 is closely related in timing, style, and immigration administration, but primarily concerns unlawful southern-border entry rather than foreign-terrorist visa screening.",C23|C19|C12,25,bm25|function,0.006380682811141014,33,0.0,245,373.98849014558766,3,0.5868111848831177,3
SHC025,1019,property_blocking,candidate,C14,0.99,both,"C14 plausibly supplied an extensive, material drafting template. The child follows nearly the same section-by-section structure and repeats highly specific language for asset blocking, designation criteria, humanitarian donations, contributions, evasion and conspiracy, definitions, no-prior-notice findings, Treasury implementation, NEA compliance, congressional reporting, delisting, disclaimer, and effective date. Most distinctively, both define “arms or any related materiel” through a detailed list of peacekeeping, humanitarian, protective-clothing, evacuation or peace-process exceptions, adapted from Cote d'Ivoire to Darfur. This is far beyond generic sanctions boilerplate.",C14|C11|C15,1023,bm25|function|same_family_recent|word10|word5,0.577558696269989,1,0.49322089552879333,1,708.9360754110803,1,0.7630833387374878,1
SHC026,5889,property_blocking,candidate,C13,0.99,both,"C13 is a highly plausible direct drafting template for the child letter. Both are congressional notifications of additional UNITA sanctions, and they share a distinctive paragraph-by-paragraph sequence: report the exercise of statutory authority; state that the 1993 emergency circumstances remain unresolved; recount successive Security Council sanctions and Lusaka Protocol noncompliance; summarize a newly issued Executive order in numbered form; discuss humanitarian exemptions; define UNITA through the same three components; explain how the measures constrain UNITA and advance the peace process; and promise support for lifting sanctions upon UNITA's transition to an unarmed political party. Much of this language is nearly verbatim, while the operative sanctions and cited resolutions are updated. C03 supplies closely related UNITA sanctions machinery reflected in the child, and C11 supplies the original UNITA framework, but neither matches the later letter's form and full rhetorical structure as closely as C13.",C13|C03|C11,5959,bm25|function|word10|word5,0.3807341456413269,1,0.26909780502319336,1,539.997650631584,1,0.7062752842903137,1
SHC027,1547,property_blocking,candidate,C21,0.99,both,"C21 is a direct and material drafting template. It is an earlier Haiti sanctions order that the child expressly extends through its anti-evasion provision, and the child adapts C21's targeted blocking machinery from Haitian nationals supporting or doing substantial business with the de facto regime to persons obstructing specified democratization efforts, perpetrating violence, or supporting those actors. The two orders also share a distinctive sequence and extensive language: licensing and prior-obligation qualifications; property within the United States or controlled by U.S. persons; anti-evasion prohibition; Treasury implementation in consultation with State; redelegation and agency enforcement, including license suspension; no-private-right disclaimer; and effective-date, transmission, and publication clauses. C11 and C03 are strong secondary templates because they contain closely parallel Clinton-era sanctions language and structure, but neither has C21's same-country, directly continued sanctions program and targeted-person blocking mechanism.",C21|C11|C03,1566,bm25|function|word10|word5,0.5672906041145325,1,0.4863434433937073,1,369.72168990942373,1,0.76285320520401,1
SHC028,6742,property_blocking,candidate,C18,0.86,both,"C18 plausibly supplied a material foundation for the later report because it establishes the specific Iran-United States Claims Tribunal machinery that dominates the child: suspension and presentation of claims to the Tribunal, jurisdictional determinations, merits awards, payment-based discharge, Treasury implementation, and congressional transmission. The child then reports concrete developments under that same machinery, including adjudications, jurisdictional dismissals, awards, settlements, and government-to-government claims. C11 is a weaker source for the child's discussion of the Bank of England escrow account and Iranian bank claims, while C17 supplies broader Iran-emergency and Treasury-accounting context but not the report's principal structure.",C18|C11|C17,2124,rrf_fill,0.0020238382276147604,11,0.0,200,202.3089693566332,33,0.5611230731010437,156
SHC029,380,property_blocking,candidate,C24,0.98,both,"C24 is expressly identified in the child's preamble as the directive declaring the national emergency being supplemented, and it plausibly supplied most of the child's sanctions-order framework. The child preserves C24's property-blocking formula and then reproduces, with modest adaptations, its provisions covering contributions and services, evasion and conspiracy, the IEEPA donations determination, definitions, lack of prior notice, Treasury implementation and internal redelegation, agency assistance, and official Federal Government and United Nations business. The child's PEESA-specific designation, waiver, and visa machinery is new, but it is inserted into a concrete drafting architecture materially shared with C24. C04 and C10 have similarly close sanctions structures, but C24 is stronger because of the express relationship and the same Russian national emergency.",C24|C04|C10,395,bm25|word10|word5,0.6066524386405945,1,0.49747273325920105,1,442.4877287644452,4,0.7208044528961182,48
SHC030,592,property_blocking,candidate,C23,0.99,both,"C23 is an exceptionally strong template: the child expressly identifies the August 24, 2017 directive as an earlier step in the same Venezuela emergency and closely reproduces its compact sequence—targeted financial-transaction prohibition, exceptions clause, anti-evasion and conspiracy provisions, definitions, Treasury implementation and redelegation, agency direction, no-prior-notice finding, and effective date. The child adapts C23's core transaction language from Venezuelan debt, equity, bonds, and distributions to Venezuelan government-issued digital currency. C05 supplies the underlying Venezuela emergency and substantially identical definitions and sanctions machinery, but C23 is the much closer immediate drafting model. C18 has similar contemporary Trump-era phrasing and machinery but concerns a different, broader North Korea sanctions structure.",C23|C05|C18,611,bm25|word10|word5,0.6659616231918335,1,0.5815936326980591,1,518.1707046979316,1,0.6854622960090637,34
SHC031,4657,property_blocking,candidate,C25,0.99,both,"C25 is a direct and material drafting template for the child letter. Both concern the same Ukraine national-emergency lineage and use the same sequence: report the order, identify the territorial target, enumerate prohibitions on new investment, imports, exports/reexports/sales/supply, and facilitation, then enumerate designation criteria for persons operating in the region, leaders of entities there, persons owned or controlled by blocked persons, and material supporters. The child primarily substitutes the DNR/LNR and other Covered Regions for Crimea and adds limited temporal and office-title detail. C13 is the underlying executive-order version of substantially the same machinery, while C12 has a similar trade-and-investment sanctions package but is less directly matched.",C25|C13|C12,5014,bm25|word5,0.23633110523223877,3,0.14089933037757874,6,297.68132500862794,1,0.5490209460258484,217
SHC032,4680,property_blocking,candidate,C21,0.97,both,C21 is a highly plausible drafting template. Both are Biden letters issued only two months apart reporting an Executive Order that expands an existing country-specific national emergency. They share a distinctive sequence and closely parallel language: report issuance and expansion of the emergency; describe the factual predicate as an unusual and extraordinary threat; state that the order augments sanctions designation criteria; direct all executive departments and agencies to act; and enclose the order. The substitutions of Belarus for the Western Balkans and different underlying misconduct are target-specific adaptations. C11 has similar expansion language and letter form but lacks the implementation directive; C07 has the same expansion-and-sanctions structure but is less textually close.,C21|C11|C07,4688,bm25|same_family_recent|word10|word5,0.27338752150535583,1,0.16366885602474213,1,192.96292990088284,1,0.6993504166603088,33
SHC033,351,property_blocking,candidate,C03,0.99,both,"C03 is an exceptionally strong template: it was issued three days earlier, is expressly identified in the child’s preamble as the order being expanded, and supplies nearly the entire section sequence and much of the language verbatim. The child retains C03’s core machinery—enumerated import and investment prohibitions, foreign-transaction facilitation, exceptions, anti-evasion and conspiracy rules, official-business exception, definitions, and Treasury implementation authority—while adding new Russian products, exports, banknotes, and Commerce responsibilities. C14 and C05 contain closely parallel trade-and-investment sanctions machinery, but C03 is the direct and materially reused drafting model.",C03|C14|C05,353,bm25|function|same_family_recent|word10|word5,0.5421167612075806,1,0.43330681324005127,1,505.1547965676056,1,0.724216639995575,1
SHC034,981,property_blocking,candidate,C09,0.99,both,"C09 plausibly supplied a concrete and material drafting template. Beyond the standard IEEPA framework, its core designation criterion is unusually close to the child: persons who committed or pose a significant risk of committing acts of violence having the purpose or effect of threatening peace or stability, followed by materially-assisting and owned-or-controlled prongs. The child adapts that same substantive machinery from Western Balkans stabilization to Iraq and preserves the sequence of property blocking, support and control criteria, contribution prohibitions, evasion and conspiracy provisions, definitions, and Treasury implementation. C25 and C05 closely match the later, polished sanctions-order structure, but their target criteria are less textually congruent with the child's central violence-and-stabilization formulation.",C09|C25|C05,1200,rrf_fill,0.346210241317749,14,0.22081047296524048,14,475.6216656204279,8,0.7048546671867371,15
SHC035,584,property_blocking,candidate,C04,0.99,both,"C04 is a concrete and material drafting template: it is an earlier Venezuela financial-sanctions order with the same opening transaction formula, the same exception clause, the same anti-evasion and conspiracy provisions, the same sequence of definitions, an almost identical definition of the Government of Venezuela, and essentially identical Treasury implementation machinery. The child adapts C04's debt, equity, and securities restrictions to additional categories of Venezuelan government debt, collateral, and equity transfers. C06 is also a close textual template for the common structure, but its substantive target is digital currency rather than the debt-and-equity machinery carried forward from C04. C16 is third because it supplies the Venezuela sanctions framework and related definition, but its principal blocking-and-entry machinery is less closely matched.",C04|C06|C16,611,bm25|word10|word5,0.6430778503417969,2,0.5765352845191956,2,410.2477515637339,2,0.7025177478790283,9
SHC036,1206,property_blocking,candidate,C21,0.99,both,"C21 is the directive expressly continued and expanded by the child. The child incorporates C21's emergency and definitions by reference and reuses its central drafting architecture: a direct-or-indirect rough-diamond import prohibition, licensing exceptions and prior-rights override, anti-evasion language, Treasury implementation under IEEPA and UNPA, agency direction, and a no-private-rights clause. It adapts that concrete machinery from Sierra Leone diamonds to diamonds passing through Liberia. C10 is a strong secondary analogue because it contains the earlier certificate-of-origin diamond-import mechanism, while C14 shares the anti-evasion-and-conspiracy formulation, but neither matches C21's direct lineage and overall structure.",C21|C10|C14,1224,bm25|function|same_family_recent|word10|word5,0.33760660886764526,1,0.24998492002487183,1,487.60327563653414,1,0.7972961664199829,1
SHC037,4715,property_blocking,candidate,C10,0.78,both,"C10 plausibly supplied a material template for the child letter. Both are Trump-era congressional transmittals describing additional emergency steps against foreign actors' misuse of United States information-technology services; both place regulatory implementation with the Secretary of Commerce, contemplate Commerce identification or regulation of covered transactions, then use nearly identical delegation, agency-implementation, and enclosure language. C01 has a similarly close overall sequence and foreign-adversary technology-protection framework, but its bulk-power subject and Energy-led transaction-review machinery are less directly aligned. C17 supplies the child's underlying cyber-emergency vocabulary and is expressly within the same emergency lineage, but its Treasury-administered asset-blocking scheme is materially different from the child's Commerce-administered IaaS recordkeeping and access controls.",C10|C01|C17,4739,rrf_fill,0.05295238271355629,12,0.017634106799960136,28,128.73017543979466,38,0.6572292447090149,10
SHC038,5323,property_blocking,candidate,C06,0.96,both,"C06 plausibly supplied concrete machinery for the later Zimbabwe amendment: Treasury designations in consultation with State; coverage of immediate family members, material supporters, and owned or controlled persons; Annex-based blocking; and authority to delist when circumstances no longer warrant inclusion. The child expressly highlights this same combination of added authorities, using closely parallel language. C14 and C18 also contain strong designation-support-delisting templates, but C06 uniquely combines those features with immediate-family coverage.",C06|C14|C18,1071,rrf_fill,0.042266614735126495,7,0.018744463101029396,7,146.45339410241024,20,0.518756628036499,325
SHC039,5448,property_blocking,candidate,C06,0.98,both,"C06 is an exceptionally strong source: it was issued one month earlier, identifies exactly the same seven persons and entities in the same order, invokes the same Kingpin Act authority, and reports the direction of sanctions that the child later describes as imposed. The child materially reuses that designation list and action as the foundation for a subsequent statutory status report. C03 provides a close same-administration template for the Kingpin Act reporting formula, while C01 offers a weaker structural analogue for a fuller congressional report covering narcotics sanctions, blocking consequences, interagency implementation, and expenses.",C06|C03|C01,5457,bm25|word10|word5,0.10155220329761505,1,0.0781129002571106,1,414.0855752772301,1,,
SHC040,10318,property_blocking,candidate,C10,0.8,both,"C10 is the strongest plausible template because it is a recent presidential memorandum using the same compact operative machinery: a presidential national-security determination, an express waiver of identified statutory provisions, and a direction to publish the determination in the Federal Register. The child expands that basic formulation with a detailed finding that execution against blocked property would impede foreign policy and sanctions effectiveness. C25 uses essentially the same waiver formula but is earlier and was itself superseded in practical proximity by C10. C08 is substantively related through sanctions waiver and continued blocking of property, but its multi-agency suspension machinery and peace-settlement predicate are less textually aligned.",C10|C25|C08,10349,function,0.014077580533921719,341,0.0,5605,63.427210444758614,406,0.6718771457672119,4
SHC041,10008,emergency_action,candidate,C18,0.99,both,"C18 is an earlier FEMA-specific memorandum whose title, addressee, section structure, operative succession sentence, statutory eligibility condition, acting-capacity exclusion, and reservation of presidential discretion are reproduced almost verbatim in the child. The child principally revises the succession list and adds termination and publication sections, making C18 a concrete and material drafting template rather than merely another directive on the same subject.",C18|C02|C16,10058,bm25|function|word10|word5,0.6200183629989624,1,0.5556960701942444,1,290.362207283934,1,0.7524290680885315,1
SHC042,5616,emergency_action,candidate,C12,0.99,both,"C12 is the immediately preceding continuation letter for the same Taliban emergency and supplies nearly the entire child’s structure and much of its wording. Both recite section 202(d), report sending the enclosed Federal Register notice, describe Taliban-controlled Afghan territory as a safe haven and base of operations for Usama bin Laden and al-Qaida, characterize the situation as an unusual and extraordinary threat, and conclude that the same emergency authorities must remain in force beyond the anniversary date. The child principally updates the date and makes minor wording and capitalization changes. C25 and C06 share substantial continuation-letter machinery, but neither matches the child’s target and factual paragraph as C12 does.",C12|C25|C06,5727,bm25|function|word10|word5,0.8592778444290161,1,0.8332764506340027,1,348.74805321033733,1,0.816521167755127,1
SHC043,5659,emergency_action,candidate,C07,0.99,both,"C07 is the immediately preceding annual continuation letter for the same national emergency and supplies virtually the entire child’s drafting structure and substantive language, with principally the continuation date and prior-notice citation updated. C04 and C10 are earlier iterations of the same recurring text, but C07 is the closest and most plausible direct template.",C07|C04|C10,5769,bm25|function|word10|word5,0.8869908452033997,1,0.8123083710670471,1,421.09195085288985,1,0.8472362756729126,1
SHC044,4939,emergency_action,candidate,C01,0.91,both,"C01 plausibly supplied a concrete drafting template for the Burundi letter. Beyond the standard statutory opening shared by this document class, both letters use the same compact structure: identify a country situation as having been “marked by” a list of violent or destabilizing conditions; state that it threatens that country’s “peace, security, or stability”; conclude that it “continues to pose an unusual and extraordinary threat to the national security and foreign policy of the United States”; and then use the same necessity determination. C17 and C10 contain similarly adaptable African-conflict language and identical administrative machinery, but their factual sentence is somewhat less syntactically aligned with the child than C01.",C01|C17|C10,4966,bm25|word10|word5,0.509516716003418,1,0.4525590240955353,1,231.55396548895945,1,0.7450717687606812,7
SHC045,11373,emergency_action,candidate,C10,0.99,both,"C10 is the immediately preceding Florida energy-emergency extension and supplies nearly the entire concrete drafting structure of the child: the Governor-request predicate, extension of an earlier determination for thirty days, incorporation of the original conditions, rescission and termination of gubernatorial suspension orders if the emergency ends, preservation of EPA authority under Section 303, and the warning about Section 110(f)'s 120-day limit. C15 is also closely related but is the original determination rather than the more directly reused extension template. C09 shares an extension-determination form but lacks the distinctive Florida and Clean Air Act machinery.",C10|C15|C09,11381,bm25|function|same_family_recent|word10|word5,0.5708653926849365,1,0.4742581248283386,1,425.806278804251,1,0.7504734992980957,2
SHC046,6509,emergency_action,candidate,C01,0.99,both,"C01 is the expressly identified prior notice and is nearly verbatim across the full letter. The child preserves the same statutory explanation, notice-transmission formula, unresolved-crisis assessment, description of Libya's support for terrorism, threat finding, and determination to retain economic-pressure authorities, changing principally the anniversary date and references needed for the new President. C03 is an earlier version of the same Libya continuation template. C05 uses the same continuation-letter structure for Iran but lacks the Libya-specific language shared by C01 and C03.",C01|C03|C05,6566,bm25|function|same_family_recent|word10|word5,0.7880948781967163,1,0.6779497265815735,1,362.83611502803296,1,0.8670412302017212,2
SHC047,6741,emergency_action,candidate,C07,0.8,structural_functional_template,"C07 plausibly supplied a material structural template for the child letter. Both are congressional letters supporting an annual continuation of foreign-relations authorities: they explain the statutory continuation mechanism and congressional notification, recount prior annual continuations, describe ongoing negotiations or implementation that remain unfinished, and conclude with a presidential determination that interruption would harm important U.S. interests. C10 is nearly the same template but is a year older; C11 has a related annual-extension structure but a less closely parallel sequence. The shared wording is largely generic, so the relationship is principally structural rather than literal.",C07|C10|C11,6767,bm25,0.007265210617333651,10,0.0,2534,84.20987083023384,3,0.5120594501495361,262
SHC048,9936,emergency_action,candidate,C16,0.99,both,"C16 is the direct and expressly identified predecessor instrument. The child reproduces C16's title, date, statutory heading, agency structure, and fund-administration framework, then materially extends its coverage to subsequent appropriations and replaces ORHA with CPA throughout. This is concrete reuse of both language and administrative machinery, not merely similarity in subject matter. C11 and C10 are weaker parallels involving presidentially controlled funds and interagency allocation or transfer mechanisms, but neither matches the child's direct amendment relationship.",C16|C11|C10,9975,bm25|word10|word5,0.1820930391550064,1,0.12144625186920166,1,165.06300333183302,1,0.48336830735206604,897
SHC049,5163,emergency_action,candidate,C21,0.99,both,"C21 is a near-direct predecessor for the same Sudan emergency. The child preserves C21's distinctive account of the 1997 declaration, the April 2006 expansion, and the October 2006 additional steps, followed by virtually identical unresolved-crisis, threat, and continuation language. The principal adaptations are the anniversary date, presidential signature, directive-reference style, and a minor change from “comprehensive sanctions” to “sanctions.” C17 and C10 share the same framework but omit parts of the distinctive three-directive history reproduced in the child.",C21|C17|C10,5231,bm25|function|word10|word5,0.8836751580238342,1,0.7883684635162354,1,337.14955601164314,1,0.8642523884773254,2
SHC050,5536,emergency_action,candidate,C20,0.99,both,"C20 is a direct predecessor for the same Iraq emergency and supplies nearly the entire later letter's concrete drafting structure and much of its language. The child retains the same statutory explanation, notice-transmission sentence, unresolved-crisis paragraph, characterization of Iraqi conduct and threat, and determination to preserve economic-pressure authorities, with updates to the date, prior-notice reference, and a few phrases. C13 and C06 are weaker cross-target analogues sharing substantial language and structure, but C20 is decisively strongest.",C20|C13|C06,5716,bm25|function|word10|word5,0.6066614985466003,1,0.4601517915725708,1,314.32289807468726,1,0.8247374296188354,1
SHC051,4881,emergency_action,candidate,C09,0.99,both,"C09 is the immediately preceding continuation letter for the same Venezuela emergency and supplies the child’s concrete drafting structure, legal mechanism, emergency reference, and nearly verbatim factual predicate. The child preserves C09’s detailed sequence of alleged Venezuelan government conduct and its concluding determination, while updating the continuation date and reframing the predicate as an ongoing unusual and extraordinary threat. C15 is another highly similar Venezuela-specific predecessor but is less proximate; C06 is the strongest same-administration general continuation template but lacks the Venezuela-specific language.",C09|C15|C06,4929,bm25|function|word10|word5,0.7741724252700806,2,0.6903695464134216,2,373.3169060131426,2,0.800428569316864,2
SHC052,6337,emergency_action,candidate,C04,0.99,both,"C04 is a nearly verbatim earlier iteration of the same annual Iran-emergency continuation letter. It uses the identical statutory-notice structure, factual rationale, and operative determination, with principally the continuation date and prior-notice history updated. C14 and C03 are also strong earlier versions of the same recurring template, but C04 is temporally closer and matches the child's wording most precisely.",C04|C14|C03,6466,bm25|function|word10|word5,0.7870171070098877,1,0.6491356492042542,1,377.26880395415253,1,0.8376976847648621,3
SHC053,503,emergency_action,candidate,C06,0.98,both,"C06 plausibly supplied the child’s immediate drafting frame. Both are short executive orders headed “Section 1. Emergency Authority” and begin with the distinctive construction “To provide additional authority to [the Secretaries] to respond to the national emergency declared by [reference], the authority/authorities ... are invoked and made available, according to [their] terms.” Both then specify how the delegated emergency authority may be exercised and end with a consultation requirement. C02 is a strong substantive antecedent because it invokes the same 19 U.S.C. 1318 emergency authority for Treasury to extend customs deadlines during a national emergency, but its proclamation form and detailed warehouse provisions are less textually and structurally proximate. C05 uses closely related invocation language and an operative follow-on direction, but concerns military border authorities rather than customs deadlines.",C06|C02|C05,508,bm25|word10|word5,0.10683629661798477,1,0.02669379860162735,1,118.11975149916566,2,0.5454248785972595,16
SHC054,314,emergency_action,candidate,C05,0.96,both,"C05 plausibly supplied a material core template for the child. Both orders declare an IEEPA national emergency based on the PRC's exploitation of United States investment to advance military, intelligence, security, and cyber capabilities; prohibit specified investment transactions by United States persons; delegate implementation and rulemaking to Treasury after interagency consultation; prohibit evasion and conspiracy; define covered persons and transactions; and authorize NEA/IEEPA reports to Congress. The child substantially expands and adapts that machinery from publicly traded securities of identified military companies to notifiable and prohibited outbound investments in specified sensitive-technology sectors. C18 is also highly relevant because it restates and broadens C05's securities-investment regime, but C05 contains the especially close originating factual and legal formulation. C07 supplies some parallel technology-risk regulatory machinery but concerns domestic acquisition and use of foreign ICTS rather than outbound investment.",C05|C18|C07,460,bm25|function,0.05467018112540245,11,0.016863761469721794,49,408.7535217663905,4,0.6621933579444885,1
SHC055,11348,emergency_action,candidate,C21,0.99,both,"C21 is the July 6 determination that the child expressly extends, and it supplies nearly the entire child memorandum’s language and operative sequence: the Governor’s request and emergency predicate, extension of the determination subject to existing conditions, rescission and termination of suspension orders if the emergency ends, EPA monitoring and reporting, preservation of EPA authority, and the 120-day limitation. The child principally updates the extension dates and adds language protecting national ambient air-quality standards. C04 and C18 are earlier iterations of the same drafting lineage but are less immediate and somewhat less complete matches.",C21|C04|C18,11371,bm25|function|same_family_recent|word10|word5,0.6543629169464111,2,0.58796626329422,1,451.64308662527196,2,0.8776275515556335,1
SHC056,1462,emergency_action,candidate,C04,0.99,both,"C04 plausibly supplied a concrete drafting template. Issued less than two months earlier, it shares the child's national-emergency formulation, the same sanctions chapeau, an essentially verbatim anti-evasion prohibition, closely matching definitions, and the same sequence of Treasury implementation, redelegation, agency direction, rights disclaimer, effective-time provision, and congressional transmission/publication. This combined literal and structural correspondence materially exceeds routine similarity among sanctions orders.",C04|C18|C03,1472,bm25|same_family_recent|word10|word5,0.48820799589157104,1,0.3670019805431366,1,356.1135679225966,1,,
SHC057,1876,emergency_action,candidate,C18,0.96,both,"C18 plausibly supplied a concrete core template for the later Libya order. Both use nearly identical emergency findings, then prohibit imports, exports, and transportation involving the targeted country, delegate implementation to Treasury, prescribe a precise delayed effective time, and require transmission to Congress and publication in the Federal Register. The Libya order substantially expands this machinery with financial, contractual, travel, and anti-evasion provisions resembling C23 and C25, but C18 provides the strongest overall drafting skeleton.",C18|C23|C25,1906,function|same_family_recent|word10|word5,0.07602670788764954,1,0.04679342359304428,1,199.50522950729945,7,0.620669960975647,2
SHC058,460,emergency_action,candidate,C05,0.78,both,"C05 plausibly supplied a concrete drafting framework for the child. Both are recent Trump orders addressing a PRC-linked economic threat through a transaction prohibition, followed in the same order by an authorization-or-license exception, identical anti-evasion and conspiracy provisions, definitions of person/entity/United States person, and delegated implementation authority with agency-wide assistance. Although much of this is standard IEEPA machinery, the combined sequence, close language, shared PRC predicate, and transaction-focused mechanism make C05 more than a merely topical analogue. C25 is nearly as strong but has slightly less overlap in its threat framing; C08 supplies similar Treasury-centered sanctions administration but is a broader and less closely matched sanctions order.",C05|C25|C08,475,bm25,0.12649579346179962,27,0.07614056020975113,26,365.96431195648665,5,0.5583414435386658,144
SHC059,4874,emergency_action,candidate,C11,0.99,both,"C11 is the prior continuation letter for the same cyber-related national emergency and supplies nearly the entire later letter's structure and distinctive substantive language. The child preserves C11's statutory explanation, publication-and-transmission statement, threat finding, and concluding presidential determination, changing principally the anniversary date and adding references to the intervening amendment. C06 is a close model for the 2018 procedural wording, while C08 supplies the underlying cyber-emergency predicate but is not itself the continuation-letter template.",C11|C06|C08,4971,bm25|function|word10|word5,0.7248833775520325,1,0.6003426909446716,1,284.743782684763,1,0.853182315826416,1
SHC060,4709,emergency_action,candidate,C09,0.99,both,"C09 is a prior continuation letter concerning the identical Cuba emergency and vessel-regulation authority. The child closely preserves its document structure, statutory-notice paragraph, sequence of Cuba-specific justifications, and operative determination, with only updated dates and limited revisions to the factual framing. C21 and C02 are also close predecessors in the same drafting lineage, but C09 is the latest displayed letter with the closest language and the same set of four referenced amendments.",C09|C21|C02,4818,bm25|function|word10|word5,0.6215846538543701,1,0.4608120322227478,1,443.8817847909705,1,0.8383000493049622,2
SHC061,17699,national_monument_action,candidate,C23,0.99,both,"C23 is a compelling material drafting template. The child closely reproduces C23's distinctive sequence and language: an expanded series of Antiquities Act findings; proclamation and withdrawal; management by a military-associated land manager in consultation with Interior; management-plan rulemaking, maximum public involvement, and final authority; protection of sacred sites and specified gathering rights; meaningful Tribal engagement based on Indigenous Knowledge; infrastructure and valid-rights savings clauses; munitions-remediation provisions; military-overflight language; dominant-reservation warning; and severability. These extensive parallels go well beyond routine national-monument boilerplate. C04 and C19 share several management, Tribal, infrastructure, and military clauses, but neither matches the child's overall machinery as closely as C23.",C23|C04|C19,17756,bm25|same_family_recent|word10|word5,0.2675904631614685,1,0.2122645378112793,1,835.2098424670795,1,0.6921272277832031,17
SHC062,17756,national_monument_action,candidate,C08,0.97,both,"C08 plausibly supplied a concrete and material drafting template. Beyond standard monument-establishment clauses, the child reproduces C08's distinctive Forest Service management machinery: management by the Secretary of Agriculture through the Forest Service; consultation with the Secretary of the Interior; final decision authority retained by Agriculture; express exclusion of Interior's national-park and national-monument rules; a separate transportation plan; continued Forest Service grazing administration; vegetative-treatment authority; Colorado fish-and-wildlife jurisdiction; dominant-reservation language; and the closing warning. C17 is also a strong likely source for expanded public-participation, infrastructure, sacred-site, emergency-response, vegetation, and aviation provisions. C01 closely parallels the general operative sequence and several tribal, infrastructure, travel, military, and emergency clauses, but its dual-agency management structure is less closely matched than C08's.",C08|C17|C01,13107,rrf_fill,0.06442058086395264,10,0.0392104908823967,11,878.0802219685681,13,0.6126009225845337,7
SHC063,19609,national_monument_action,candidate,C04,0.94,both,"C04 plausibly supplied a material drafting template for the child. Both are proclamations establishing a new national monument under section 2 of the 1906 Act and use the same operative machinery: preservation of valid existing rights; immediate reservation of federally owned or controlled lands within described boundaries; automatic incorporation of nonfederal lands upon federal acquisition; withdrawal from appropriation under the public-land laws; a monument-administration provision; and the same warning against damage or settlement. C03 and C18 contain closely related acquisition and reservation language, but C04 is strongest because it likewise establishes a monument and combines that language with an express public-land withdrawal.",C04|C03|C18,14090,bm25|function|word10|word5,0.09787199646234512,1,0.060824599117040634,1,301.76271317872164,4,0.7191857099533081,5
SHC064,12745,national_monument_action,candidate,C09,0.99,both,"C09 plausibly supplied a concrete and material drafting template. The child closely follows C09's distinctive sequence and wording for monument proclamation and withdrawal, BLM/National Landscape Conservation System administration, preparation of a management plan with tribal/State/local consultation, designated-route vehicle restrictions, tribal-site protections, continuation of grazing rules, and State fish-and-wildlife jurisdiction. C11 and C06 also contain relevant Forest Service and interagency-management language, but C09 supplies the strongest overall textual and structural match.",C09|C11|C06,12846,bm25|word10|word5,0.1406698226928711,1,0.0984971895813942,1,963.2578790747143,2,0.6406844854354858,14
SHC065,14520,national_monument_action,candidate,C25,0.97,both,"C25 is a strong material template. Both directives respond to an error in an earlier monument boundary description, explain that redefining the external boundaries is in the public interest, and then proclaim that lands within a metes-and-bounds description shall constitute the monument. This shared problem-specific sequence and operative machinery are substantially more concrete than the generic monument enlargement or exclusion provisions in other candidates. C23 and C07 also use a comprehensive boundary description, but neither matches the child’s correction-of-error rationale as closely.",C25|C23|C07,15013,bm25,0.1029181256890297,12,0.06359058618545532,18,177.2244776163942,5,0.6257073283195496,8
SHC066,14438,national_monument_action,candidate,C09,0.99,both,"C09 is a direct and material drafting template. It concerns the same monument and uses nearly identical recitals about excess Atomic Energy Commission land transferred to the National Park Service with General Services Administration approval. The child repeats C09's operative language for adding and reserving land, extending the monument boundaries, applying monument laws, conditioning activities on the Atomic Energy Commission's noninterference judgment, and warning against damage or settlement. The child adapts that template to a later parcel and adds separate exclusion, restoration, and transfer provisions. C20 is the next strongest because it combines monument enlargement, interagency transfer, monument-law coverage, and a neighboring agency's retained noninterference protection. C19 parallels the add/exclude boundary-revision sequence but lacks the distinctive AEC machinery.",C09|C20|C19,14589,bm25|word10|word5,0.14608389139175415,1,0.08927278220653534,1,575.7610350636774,1,0.6695499420166016,13
SHC067,15896,national_monument_action,candidate,C09,0.97,both,"C09 plausibly supplied a concrete drafting template. The child reproduces C09's distinctive Clinton-era monument framework: the same establishment formula, an almost verbatim expanded public-land withdrawal, an off-road vehicle prohibition framed around protecting identified objects, an identical federal water-reservation clause, a state fish-and-wildlife savings clause, valid-existing-rights language, dominant-reservation language, and the standard warning. C14 and C08 share substantial portions of the same framework, but C09 is strongest because it also contains the vehicle, water, and state-jurisdiction provisions adapted in the child.",C09|C14|C08,15951,bm25|word10|word5,0.18193423748016357,1,0.15269127488136292,1,657.5037868084742,1,0.5623621940612793,45
SHC068,14670,national_monument_action,candidate,C01,0.99,both,"C01 plausibly supplied a concrete drafting template for the child. Both proclamations revise a national monument through the same distinctive operative sequence: exclude specifically described lands; temporarily withhold the excluded lands from application, location, settlement, entry, or appropriation until an authorized Interior officer orders otherwise; subject to valid existing rights, add and reserve described lands as part of the monument and apply the monument's laws, rules, and regulations; and give the same express warning against damaging monument features or locating or settling on monument lands. C18 is also a strong parallel, while C12 contains the exclusion-and-temporary-withdrawal machinery but not the full monument exclusion/addition sequence.",C01|C18|C12,14846,bm25|function|word10|word5,0.08171188831329346,2,0.0369187667965889,2,345.3953707182563,5,0.6829604506492615,3
SHC069,15054,national_monument_action,candidate,C03,0.99,both,"C03 is a highly plausible direct drafting template. Both proclamations enlarge a national monument to preserve prehistoric ruins and use nearly identical operative language and the same sequence: public-interest findings; addition and reservation of specifically described land subject to existing rights; an express warning against damage, removal, and settlement; and assignment of supervision, management, and control to the National Park Service under the same statute. C10 and C16 share much of this monument-enlargement machinery but concern historic or geological resources rather than closely comparable prehistoric ruins.",C03|C10|C16,15193,bm25|function|word10|word5,0.3034413456916809,2,0.255532443523407,2,336.374393816984,1,0.7059144377708435,3
SHC070,12888,national_monument_action,candidate,C04,0.97,both,"C04 is the strongest drafting-template candidate. Issued only a year earlier, it supplies a nearly identical sequence of operative provisions and unusually close language: proclamation and mapped reservation of federal lands; withdrawal from public-land, mining, and mineral-leasing laws; reservation of non-federal lands upon federal acquisition; management by Interior through BLM as part of the National Landscape Conservation System; the same designated-road-and-trail vehicle restrictions; Indian-rights and state-jurisdiction savings clauses; dominant-reservation language; and the same warning. C02 is also materially relevant because it established the very monument being enlarged and supplied both factual language and much of the underlying administrative framework, but C04 more closely matches the child’s updated Obama-era wording and full operative arrangement. C08 is a strong contemporary parallel but lacks the direct monument-specific connection of C02 and is less textually close than C04.",C04|C02|C08,13034,bm25|word10|word5,0.18876565992832184,1,0.14751243591308594,1,673.5204408941071,2,0.7096594572067261,10
SHC071,13651,national_monument_action,candidate,C20,0.99,both,"C20 plausibly supplied a concrete and material drafting template. Beyond the standard national-monument formula, the child reproduces C20's specialized Armed Forces machinery in substantially the same sequence and language: exemption of military activities, a practicability-and-operational-requirements standard, and prompt interagency coordination to mitigate and restore resources after incidents. The child adapts that marine-monument framework to a multi-site World War II monument and adds a real-property protection. C24 is a direct policy precursor and supplies the Pearl Harbor/Pacific-war subject and military-mission constraint, but it is an assessment memorandum rather than the strongest operative drafting template. C22 provides a parallel dual-agency management and resource-sharing structure, though with different agencies and less distinctive overlap than C20.",C20|C24|C22,13946,word10|word5,0.17882058024406433,1,0.1453126221895218,1,431.0455627490149,22,0.5620421767234802,21
SHC072,14617,national_monument_action,candidate,C08,0.99,both,"C08 plausibly supplied a concrete drafting template. It uses the same integrated machinery for modifying a national monument: public-interest recitals supporting both an exclusion and an addition; descriptions of the affected tracts; temporary withdrawal of excluded lands from application, location, settlement, entry, or appropriation until an Interior officer orders otherwise; and the same express warning protecting monument features and lands. The child adapts this highly specific structure and closely matching language to Arches National Monument. C01 and C09 contain similarly strong machinery, but C08 is the closest overall match in language, function, and proximity in time.",C08|C01|C09,14670,function|word10|word5,0.27574267983436584,1,0.15238523483276367,1,248.0738029104999,11,0.7752729058265686,1
SHC073,15192,national_monument_action,candidate,C09,0.99,both,"C09 plausibly supplied the concrete drafting template for nearly the entire operative monument portion of the child. Both proclamations use the same sequence: donated land and public-interest recitals; a proclamation adding specifically described land to a national monument subject to valid existing rights; a warning against damaging monument features or settling on its lands; and assignment of supervision, management, and control to the National Park Service under the same 1916 statute. C10 and C02 closely match the child's anomalous opening trademark recital, but that recital is only a fragment and does not match the child's operative machinery; C09 is therefore materially stronger overall.",C09|C10|C02,15206,bm25|function|same_family_recent|word10|word5,0.23719409108161926,4,0.1745220273733139,4,272.0271387492906,1,0.7339174151420593,1
SHC074,14980,national_monument_action,candidate,C07,0.99,both,"C07 is a compelling direct template: it is the immediately preceding enlargement of the same monument, is expressly identified in the child’s recital, and supplies nearly verbatim the child’s operative sequence—adding and reserving described Colorado lands subject to the same qualifications, warning against the same unauthorized activities, and assigning the added lands to National Park Service administration under the same statute. C03 and C06 share much of this monument-enlargement machinery, but C07 uniquely matches the monument, geographic setting, qualifications, and wording.",C07|C03|C06,15054,bm25|function|word10|word5,0.45197412371635437,1,0.32620173692703247,1,430.38334748414474,1,0.8307833671569824,1
SHC075,14634,national_monument_action,candidate,C06,0.99,both,"C06 plausibly supplied a concrete drafting template. It uses the same monument-boundary machinery: a recital finding lands unnecessary for the care, management, and protection of scientific objects; an operative exclusion of legally described parcels; and an immediately following withdrawal of the excluded lands from application, location, settlement, entry, or other appropriation until further Interior Department order. C09 and C17 contain closely related machinery, but C06 is the strongest match in language, sequence, subject matter, and temporal proximity.",C06|C09|C17,14670,bm25|function|same_family_recent|word10|word5,0.17763398587703705,1,0.08233017474412918,1,289.17642617995256,2,0.6956064701080322,3
SHC076,15953,national_monument_action,candidate,C08,0.98,both,"C08 plausibly supplied a concrete drafting template. The child reproduces its distinctive Clinton-era sequence and wording: reservation of “lands and interests in lands” identified by an attached document or map; a smallest-compatible-area finding; appropriation and withdrawal expressly covering leasing; an exception for exchanges furthering monument protection; automatic inclusion of non-Federal lands upon acquisition; preservation of existing withdrawals while making the monument dominant; and the same closing warning. C10 and C19 are close structural precedents specifically for monument enlargements, but their Alaska-specific wording and older land-and-water formulation are less textually aligned with the child.",C08|C10|C19,16296,bm25|function|same_family_recent|word10|word5,0.18289069831371307,1,0.14623834192752838,1,499.16217623232353,2,0.8153403401374817,1
SHC077,17351,national_monument_action,candidate,C07,0.94,both,"C07 plausibly supplied a material drafting template for the child. Beyond the standard monument formula, the two proclamations share a distinctive modern sequence of findings: Tribal sacredness since time immemorial; protection of all identified objects whether or not expressly labeled; threats and inadequacy of existing protections; necessity of an Antiquities Act reservation; and smallest-compatible-area findings. Both then establish a monument covering geographically discrete landscapes and employ Tribal-centered management informed by Indigenous Knowledge. C10 is especially close in its advisory-committee and Tribal commission machinery, while C05 shares much of the Biden-era findings and co-stewardship structure, but C07 is the closest overall combination of language, rationale, and administrative design.",C07|C10|C05,17626,bm25|word10,0.05416668578982353,7,0.04295764118432999,5,1020.08875588545,5,0.5924906134605408,66
SHC078,12413,national_monument_action,candidate,C09,0.98,both,"C09 plausibly supplied a concrete drafting template for the child. Beyond standard monument-establishment clauses, the two proclamations use an unusually close sequence and wording for National Park Service management: a three-year plan developed with public involvement and a named partner; two nearly identical preservation-and-interpretation purposes; a requirement to define relationships with resources, programs, and organizations inside and outside the National Park System; and an agreements clause listing the same five categories of cooperative activity. C20 and C14 share substantial portions of this machinery, but C09 is the closest literal and structural match.",C09|C20|C14,12554,bm25|function|word10|word5,0.0952366292476654,2,0.08203821629285812,2,693.3443208569313,1,0.7057723999023438,5
SHC079,19607,national_monument_action,candidate,C04,0.93,both,"C04 plausibly supplied a material drafting template. Both proclamations establish a national monument under the Antiquities Act using the same linked machinery: reserve federally owned or controlled lands within specified boundaries, withdraw them from appropriation under the public-land laws, automatically reserve nonfederal inholdings upon federal acquisition of title, preserve valid existing rights, and warn against unauthorized damage or settlement. C13 and C11 also contain meaningful components of this pattern, especially contingent incorporation of nonfederal lands; C13 additionally parallels the child's dominant-reservation clause. But C04 is the strongest overall match because it combines the establishment function with the federal-land withdrawal and future-acquisition provisions in nearly the same operative sequence.",C04|C13|C11,14090,function|word10|word5,0.09903448075056076,1,0.06219180300831795,1,272.8492884985718,9,0.7245311737060547,1
SHC080,19611,national_monument_action,candidate,C13,0.9,both,"C13 is the strongest plausible template because it is the immediately preceding enlargement of the same monument and shares the same core drafting sequence: history and scientific justification, Antiquities Act authority, addition of federally owned or controlled lands, protection of valid existing rights, a warning against damage and settlement, and treatment of preexisting withdrawals and Alaska-specific claims. The child materially expands and adapts that machinery for a much larger addition, submerged lands and waters, water rights, subsistence uses, and later Alaska statutes. C14 and C18 contain additional close monument-enlargement formulas, especially future incorporation of nonfederal lands; C14 also parallels the child's dominant-reservation clause. Nevertheless, C13's same-monument continuity and Alaska-specific provisions make it the likeliest direct drafting source.",C13|C14|C18,14088,bm25|word10|word5,0.09594135731458664,5,0.0615670271217823,4,368.8410796610654,1,0.5820354223251343,69
SHC081,12273,trade_proclamation,candidate,C08,0.94,both,"C08 plausibly supplied a concrete and material drafting template. Both proclamations impose new import restrictions by modifying subchapter III of chapter 99 of the HTS through an annex; exclude specified countries and products; delegate product-exclusion decisions to an executive official; require Federal Register publication before modifying the HTS to administer exclusions; use nearly identical entry-date, duration, and supersession clauses; and concern steel-sector import relief. C19 and C11 share much of the same safeguard-proclamation architecture and are temporally closer, but C08 supplies the especially material product-exclusion machinery and is the strongest displayed antecedent.",C08|C19|C11,15687,bm25|function|word10|word5,0.049347102642059326,3,0.020770303905010223,3,400.2118800795363,3,0.6139320731163025,1
SHC082,15094,trade_proclamation,candidate,C17,0.99,both,"C17 is a direct and highly specific drafting template. The child repeats its seven-recital structure, the same Annecy accession and Cuban-agreement background, the same two linked presidential determinations, and the same two-part operative machinery. It principally substitutes Sweden and April 30, 1950 for Greece and March 9, 1950, changes the identified concessions, and adapts the Cuban-list amendment from deleting one item to revising and deleting several items. The child also expressly identifies C17 as a supplement to the December 22, 1949 proclamation. C03 and C16 are strong earlier ancestors of the same two-track GATT/Cuba supplement structure, but their language and machinery are less immediately congruent than C17's.",C17|C03|C16,15104,bm25|function|same_family_recent|word10|word5,0.7634584903717041,1,0.6928775906562805,1,584.6433816738103,1,0.7539622783660889,1
SHC083,15574,trade_proclamation,candidate,C10,0.99,both,"C10 plausibly supplied a concrete and material drafting template. It addresses the identical task of modifying NAFTA rules of origin in general note 12 to the HTS, uses the same statutory account of section 202 and section 202(q), recalls the same 1993 implementation proclamation, and follows the same operative sequence: Annex-based modification, supersession of inconsistent prior directives, and effective dates for entered or warehoused goods. The child substantially condenses and adapts this machinery for new Canadian and Mexican effective dates. C02 is also a strong earlier analogue for the same rules-of-origin machinery, while C20 closely parallels the child's distinctive delegation to USTR of a later effective date but concerns GSP rather than NAFTA rules of origin.",C10|C02|C20,15701,function|word10|word5,0.5726824402809143,1,0.40227416157722473,1,319.17663431601574,6,0.7376880645751953,2
SHC084,17129,trade_proclamation,candidate,C05,0.99,both,"C05 is an exceptionally close, concrete drafting template. The child reproduces its three-part recital and operative structure, with Poland substituted for Hungary: a section 502 eligibility determination using the same language, a section 604 HTS authority recital, insertion of the country into the same HTS general note and list, an identical supersession clause, and the same dual effective-date formula. C15 and C09 contain related country-designation machinery, but each uses the older TSUS framework and includes additional subject matter.",C05|C15|C09,17157,bm25|function|same_family_recent|word10|word5,0.8257369995117188,1,0.6842086911201477,1,370.32577408101145,1,0.7681546807289124,1
SHC085,14919,trade_proclamation,candidate,C05,0.98,both,"C05 plausibly supplied a concrete drafting template. Both proclamations follow the same distinctive sequence: identify a specific GATT schedule item and its existing concessionary duty; recite a Tariff Commission investigation finding increased imports and serious injury to a like or directly competitive domestic industry; cite section 350(a)(2); determine that modifying the concession and applying a revised duty is appropriate; then use paired paragraphs (a) and (b) to restate the schedule item and apply its modified rates, followed by a clause modifying the prior implementing proclamation. C02 is also a very close safeguard-duty precedent, but its paragraph (a) directly changes a quoted rate rather than using C05's closer 'item ... modified ... to read' formulation. C22 shares the injury-and-concession machinery but uses partial termination rather than the child's paired modification-and-application structure.",C05|C02|C22,14992,bm25|word5,0.21505862474441528,2,0.08819693326950073,11,356.6539613158579,2,0.6095818877220154,8
SHC086,13563,trade_proclamation,candidate,C22,0.96,both,"C22 plausibly supplied a concrete drafting template. Both proclamations follow the same distinctive safeguard structure: a USITC affirmative injury determination and remedy recommendations; a presidential determination to provide relief; relief framed as additional duties lasting roughly three years with rates reduced in later years; invocation of section 604 authority; modification of subchapter III of chapter 99 of the HTS through an annex; and nearly identical effectiveness, duration, and supersession clauses. C02 and C23 share much of this machinery, but C22 is strongest because its remedy is an annually declining additional duty rather than principally a tariff-rate quota or a mixed package of safeguards.",C22|C02|C23,15942,bm25|word5,0.19636210799217224,5,0.09199725091457367,7,311.37687046814614,5,,
SHC087,20003,trade_proclamation,candidate,C05,0.99,both,"C05 is an unmistakable concrete drafting template. The child repeats nearly the entire recital and operative structure of C05, retains its earlier 25,000,000- and 60,000,000-pound authorizations in the amended subdivision, and adds a new 80,000,000-pound period. It also preserves the license waiver, identical 2,500,000-pound per-entity ceiling, and continuation pending Tariff Commission recommendations. C10 is the earlier source of the same subdivision and machinery, while C02 is a strong but less textually exact emergency dairy-quota precedent.",C05|C10|C02,20017,bm25|function|same_family_recent|word10|word5,0.8664876818656921,1,0.7936272621154785,1,615.7813744596307,1,0.8374549150466919,1
SHC088,14905,trade_proclamation,candidate,C22,0.99,both,"C22 is the direct, expressly cited predecessor and supplies most of the child's concrete drafting structure and language: the same continuing Tariff Commission investigation, expiration of the prior year's almond fees, a new annual report, matching findings of threatened interference and necessity, and an operative fee provision using the same product description, entry terminology, ad valorem cap, annual period, and additional-duties clause. The child updates the dates and almond threshold, simplifies the almond fee to apply only above 5,000,000 pounds, and adds filberts. C03 and C23 are earlier iterations of the same almond-fee machinery but are less immediate and less closely matched.",C22|C03|C23,14944,bm25|function|word10|word5,0.7067065834999084,1,0.5619332194328308,1,640.3379068042246,1,0.7087759971618652,4
SHC089,18753,trade_proclamation,candidate,C17,0.99,both,"C17 plausibly supplied a concrete and material drafting template. It uses the same Section 301 retaliation framework, nearly identical statutory exposition, the same modification of Subpart B of part 2 of the TSUS Appendix, and a closely parallel delegation allowing USTR to suspend, modify, or terminate the trade measure through a Federal Register determination. The child adapts that machinery from increased duties against Japan to quantitative restrictions and tariff-concession suspensions responding to the EEC. C16 has highly similar USTR delegation language, while C01 closely matches the Section 301 recitals and EEC-focused tariff retaliation, but neither matches the child's overall structure as fully as C17.",C17|C16|C01,18785,bm25|function|word10|word5,0.34812048077583313,1,0.25989463925361633,1,453.576200870002,1,0.6586172580718994,3
SHC090,19790,trade_proclamation,none,,0.91,none,"No candidate contains the child's distinctive mechanism: quoting headnote 3's consumption-change formula, making a USITC-report-based determination that broom consumption substantially changed since 1965, and replacing two quota quantities by the resulting adjusted figures. C23 is strongest because it likewise amends quantitative tariff provisions and substitutes revised quota-related text, while C19 concerns establishment of a tariff-rate quota and C01 uses similar TSUS-amendment and effective-date phrasing. Those similarities are standard tariff-proclamation machinery rather than evidence that any candidate materially supplied the child's drafting template.",C23|C19|C01,,,,,,,,,,
SHC091,16208,trade_proclamation,candidate,C15,0.98,both,"C15 plausibly supplied a concrete drafting template for the child. The two proclamations share a distinctive sequence: establish authority to designate GSP articles and modify HTS nomenclature; determine article eligibility, country-specific restoration and termination, and competitive-need treatment; then implement those determinations through annex-based HTS modifications, parallel Rates of Duty 1-Special subparagraphs, a general-note amendment, supersession, and annex-specific effective dates. Most tellingly, the child's paragraph (3)(a)-(d) closely tracks C15's paragraph (2)(a)-(d), including the India exception and the paired restoration/termination provisions. C19 is also extremely close, but C15 more directly matches the child's operative sequence and India-specific formulation. C01 is a strong earlier ancestor of the same architecture but is less textually proximate.",C15|C19|C01,16641,bm25|function|word10|word5,0.2932257652282715,2,0.15563812851905823,2,462.1785385912816,3,0.7741773128509521,2
SHC092,12443,trade_proclamation,candidate,C05,0.94,both,"C05 plausibly supplied a material template. It shares the specific entrepreneurship-centered commemorative structure, describes entrepreneurs as risk-takers who promote economic growth, and culminates in nearly matching operative language proclaiming an observance and calling on all Americans to commemorate it with appropriate activities. C09 and C02 have similar proclamation mechanics, but their overlap is primarily conventional observance language without the distinctive entrepreneurship connection.",C05|C09|C02,16401,function,0.0122545650228858,158,0.004982820712029934,160,255.5728503027297,32,0.7036268711090088,1
SHC093,19633,trade_proclamation,candidate,C03,0.97,both,"C03 plausibly supplied a concrete drafting template for the child. Beyond their common trade subject, the two proclamations use a highly parallel sequence of recitals: a finding that existing duties unduly burden foreign trade; publication of article lists and review by the tariff commission; public hearings through a committee designated by the Special Representative; receipt of advice from the same cabinet departments; execution of a bilateral trade agreement through a duly empowered representative; and implementation through annex-based modification of the Tariff Schedules. Their operative provisions likewise culminate in annex-based TSUS modification with a specified effective date. C08 and C23 share much of this machinery and language, but C03 is the closest overall match because it combines the full recital sequence with nearly the same two-part operative structure.",C03|C08|C23,14233,bm25|word10|word5,0.26398369669914246,1,0.12113427370786667,1,310.62151964739087,3,0.586599588394165,57
SHC094,19822,trade_proclamation,candidate,C08,0.99,both,"C08 is an exceptionally strong template: it is the earlier partial termination of the very same Canadian meat-import restrictions, is expressly referenced by the child, and uses nearly identical recitals, statutory authority, operative sequence, TSUS-amendment machinery, and effective-date language. The child adapts C08 by terminating the remaining beef-and-veal restriction and deleting item 945.03 rather than the cattle, swine, and pork provisions. C14 and C22 also contain analogous termination-and-deletion structures, but neither approaches C08's same regulatory program and close language.",C08|C14|C22,19851,bm25|function|word10|word5,0.55784010887146,1,0.40563103556632996,1,455.2698516215471,1,0.8429253101348877,1
SHC095,14549,trade_proclamation,candidate,C17,0.93,both,"C17 plausibly supplied a material drafting template. It uses the same section 22 sequence: advice from the Secretary of Agriculture, a presidential request for a Tariff Commission investigation, Commission findings and recommendations, a presidential finding of threatened interference with a price-support program, a declaration that quantitative restrictions are necessary, and an operative aggregate-pound quota for a current period and subsequent years followed by the statutory 50-percent representative-period comparison. The child closely adapts that machinery and language from butterfat products to prespinning cotton products. C04 and C11 are also strong quota precedents, especially for the operative aggregate-limit and proportionality language, but their quotas are limited to a single crop-year period and contain additional country allocations or exemptions absent from the child.",C17|C04|C11,14800,bm25|word10|word5,0.4160338342189789,1,0.25454679131507874,1,375.6903926000467,1,0.6043941378593445,18
SHC096,14234,trade_proclamation,candidate,C14,0.99,both,"C14 is the concrete drafting template and expressly identified antecedent. The child repeats nearly verbatim C14's first three recitals concerning the January 16, 1965 automotive agreement, Canada's January 18 implementation, and the Automotive Products Trade Act. It then reuses the same determination-and-proclamation machinery: identify the statutory tariff authority, determine January 18, 1965 as the earliest practicable retroactive date, proclaim modifications to the Tariff Schedules, and distinguish the date of entry into force from retroactive applicability to entered or warehoused articles. The child adapts that template to additional automotive items found commercially significant under section 201(b). C20 and C22 share tariff-agreement implementation machinery but lack this uniquely close factual, statutory, and textual correspondence.",C14|C20|C22,14295,bm25|function|word10|word5,0.4659186601638794,1,0.4029475748538971,1,435.0514930797148,1,0.6468235850334167,3
SHC097,17054,trade_proclamation,candidate,C09,0.99,both,"C09 plausibly supplied a concrete and extensive drafting template. The child repeats its opening GSP/HTS recital, determination language, and a distinctive operative sequence: Annex I article-eligibility modifications; Annex II changes to the Rates of Duty 1-Special subcolumn; Annex III country-specific exclusions; continuation of staged Canadian and Israeli reductions by replacing rates marked “CA” and “IL”; supersession of inconsistent prior directives; and dual-date effectiveness. C08 and C22 share substantial portions of the same machinery, but C09 is materially closer because it includes both the Canadian and Israeli staged-reduction provisions in nearly the same sequence and language.",C09|C08|C22,17093,bm25|function|word10|word5,0.619575560092926,1,0.4233640432357788,1,448.7831639983468,1,0.7808583974838257,1
SHC098,15183,trade_proclamation,candidate,C15,0.99,both,"C15 is the immediately preceding proclamation in the same supplementing series and supplies the child's concrete two-part drafting architecture: recitals identifying newly effective contracting parties, a determination that previously withheld Schedule XX concessions should be applied, corresponding removal of those concessions from the December 16 withholding list, application of their duty rates subject to the same agreements and qualifications, and amendment of the January 1 Cuban-agreement list. The child closely reproduces C15's distinctive operative language while substituting new governments, dates, concessions, and Cuban-list deletions. C24 and C16 also use substantially the same tariff machinery, but C15 is the closest and most complete template.",C15|C24|C16,15187,bm25|function|same_family_recent|word10|word5,0.8067226409912109,1,0.7374332547187805,1,464.866181613222,1,0.7279896140098572,3
SHC099,13943,trade_proclamation,candidate,C18,0.99,both,"C18 is a concrete, material drafting template for the child. Both implement the same agreement country-by-country and share nearly identical recitals concerning the Agreement, statutory authority, removal from GSP/CBERA/CBTPA, and section 604 authority. Their operative provisions use the same machinery: modify the HTS through incorporation by reference of a country-specific USITC publication, prescribe entry/warehouse effective dates, and supersede inconsistent prior directives. The child adapts C18 from Honduras and Nicaragua to Guatemala while omitting the separate staged-duty provision. C21 is another strong same-agreement template, while C02 supplies a closely parallel but less specific free-trade-agreement form.",C18|C21|C02,15220,bm25|function|word10|word5,0.8017775416374207,1,0.713132381439209,1,575.5894052814367,1,0.8326528668403625,1
SHC100,18198,trade_proclamation,candidate,C09,0.99,both,"C09 is the immediately preceding World Trade Week proclamation and supplies both the child's operative language almost verbatim and substantial portions of its policy narrative. The two directives share the distinctive formulation that free, fair, and reciprocal trade is essential; focus on farmers, ranchers, manufacturers, entrepreneurs, and a level playing field; describe modernizing trade agreements; and discuss KORUS and replacing the outdated and unbalanced NAFTA with USMCA. C11 is another close predecessor with the same observance formula and trade-policy framing, while C17 shares updated 2020 descriptions of USMCA and the China agreement but is less structurally aligned.",C09|C11|C17,12090,bm25|function|word10|word5,0.10682281106710434,1,0.05049680918455124,1,403.8392033915298,1,0.8108921051025391,1
