case_id,child_id,assigned_family,decision,sol_rank,candidate_label,parent_id,retrieval_sources,word5_score,word5_rank,word10_score,word10_rank,bm25_score,bm25_rank,function_score,function_rank,rrf_score,rrf_rank
SHC001,693,ieepa_action,candidate,1,C20,759,bm25|function|word10|word5,0.4578668773174286,4,0.39903780817985535,3,635.0633327830337,5,0.8213162422180176,2,0.06301166351569577,3
SHC001,693,ieepa_action,candidate,2,C17,752,bm25|function|word10|word5,0.4753345251083374,2,0.40171441435813904,2,647.6628556317505,3,0.8052313923835754,3,0.06400409626216078,1
SHC001,693,ieepa_action,candidate,3,C08,756,bm25|word10|word5,0.4333029091358185,5,0.3893584609031677,5,636.4866523154228,4,0.7952365875244141,7,0.06131960390355913,6
SHC002,222,ieepa_action,candidate,1,C21,226,bm25|function|word5,0.14065037667751312,1,0.057634469121694565,8,322.41730296958355,1,0.6260214447975159,1,0.06388621022179364,1
SHC002,222,ieepa_action,candidate,2,C19,224,bm25|function|same_family_recent|word5,0.11626189947128296,2,0.04943550378084183,13,310.8461490945689,2,0.5660494565963745,4,0.06158169465311533,2
SHC002,222,ieepa_action,candidate,3,C02,225,bm25|same_family_recent|word5,0.10391966253519058,3,0.04943550378084183,14,275.8814913966327,3,0.5619791746139526,6,0.06041106041106041,3
SHC003,4859,ieepa_action,candidate,1,C22,9066,bm25|word10|word5,0.13884779810905457,3,0.06263422966003418,3,509.6492772698852,2,0.4202613830566406,5119,0.04806815147271955,11
SHC003,4859,ieepa_action,candidate,2,C21,4977,bm25|word10|word5,0.2732595205307007,1,0.189729705452919,1,548.2632499286667,1,0.7128576636314392,18,0.06200084068936528,2
SHC003,4859,ieepa_action,candidate,3,C20,5106,bm25|word10|word5,0.19249756634235382,2,0.11865204572677612,2,433.53870187457034,3,0.7572245001792908,7,0.06305645352347326,1
SHC004,6561,ieepa_action,candidate,1,C13,6613,bm25|function|word10|word5,0.2986434996128082,1,0.23834310472011566,1,559.448066985389,1,0.7433990240097046,1,0.06557377049180328,1
SHC004,6561,ieepa_action,candidate,2,C15,6571,bm25|function|same_family_recent|word10|word5,0.10477294772863388,4,0.04157212749123573,4,378.88157453923276,2,0.662808895111084,4,0.06300403225806452,4
SHC004,6561,ieepa_action,candidate,3,C08,6595,bm25|function|word10|word5,0.11089011281728745,3,0.053313303738832474,3,368.1116281593113,3,0.7409985661506653,2,0.06374807987711213,2
SHC005,6044,ieepa_action,candidate,1,C06,1438,bm25,0.019745079800486565,38,0.0,84,131.22320109111894,1,,,0.03354196870004832,34
SHC005,6044,ieepa_action,candidate,2,C03,1496,function,0.004474641755223274,193,0.0,142,92.84358952662954,49,0.5987659692764282,4,0.03370237614607093,33
SHC005,6044,ieepa_action,candidate,3,C11,6163,function,0.014953969046473503,44,0.0,3162,106.62167074638347,26,0.6406110525131226,1,0.03794710044723357,26
SHC006,5870,ieepa_action,candidate,1,C11,5968,bm25|word10|word5,0.4384731650352478,1,0.3172569274902344,1,668.2448626558585,1,0.7910656929016113,6,0.06433184302036761,2
SHC006,5870,ieepa_action,candidate,2,C05,6037,bm25|function|word10|word5,0.3149269223213196,2,0.21459877490997314,2,569.5017599800025,2,0.8264511227607727,2,0.06451612903225806,1
SHC006,5870,ieepa_action,candidate,3,C04,6460,function|word10|word5,0.16764231026172638,4,0.10441755503416061,4,465.59852670959475,6,0.8063744306564331,5,0.06178613053613054,4
SHC007,6460,ieepa_action,candidate,1,C16,6570,bm25|word10|word5,0.30318304896354675,1,0.21635471284389496,1,862.9482810741008,1,,,0.04918032786885246,8
SHC007,6460,ieepa_action,candidate,2,C05,6657,bm25|word10|word5,0.12768365442752838,2,0.06714990735054016,2,630.7722005417788,2,,,0.04838709677419355,9
SHC007,6460,ieepa_action,candidate,3,C22,6742,bm25|function|word10|word5,0.053959041833877563,3,0.018247433006763458,3,534.7568940410066,3,0.7888554334640503,1,0.06401249024199844,1
SHC008,71,ieepa_action,candidate,1,C18,341,bm25|word5,0.033717285841703415,3,0.00640864809975028,13,308.46587471841826,1,0.5776599645614624,19,0.05862331648105426,2
SHC008,71,ieepa_action,candidate,2,C04,1481,function,0.009397786110639572,175,0.0,1574,185.33826233086367,153,0.6255218982696533,3,0.025435165806742384,62
SHC008,71,ieepa_action,candidate,3,C08,1684,function,0.008779122494161129,191,0.0,1770,171.46110601357316,260,0.6195999979972839,5,0.023040127217067,80
SHC009,4721,ieepa_action,candidate,1,C15,4756,bm25|word10|word5,0.1619027554988861,1,0.10530765354633331,1,195.80030373781076,1,0.6839386820793152,14,0.06269384138236597,1
SHC009,4721,ieepa_action,candidate,2,C23,4739,bm25,0.05775037035346031,30,0.02172335796058178,37,194.7796859191737,2,0.6894888281822205,7,0.05247479485401945,10
SHC009,4721,ieepa_action,candidate,3,C08,4740,bm25,0.05775037035346031,31,0.02172335796058178,38,181.7082454074797,3,0.5699843764305115,246,0.040334082350889075,27
SHC010,6571,ieepa_action,candidate,1,C03,6595,bm25|function|same_family_recent|word10|word5,0.43287909030914307,1,0.37705808877944946,1,810.3978872593356,1,0.7975161671638489,1,0.06557377049180328,1
SHC010,6571,ieepa_action,candidate,2,C21,6659,bm25|function|word10|word5,0.28588682413101196,2,0.22891324758529663,2,632.8818175765131,2,0.7768197059631348,2,0.06451612903225806,2
SHC010,6571,ieepa_action,candidate,3,C18,1906,word10|word5,0.04549282789230347,4,0.024058405309915543,4,246.5413864830755,6,0.5183401107788086,854,0.04749560705523506,5
SHC011,6659,ieepa_action,candidate,1,C22,6742,bm25|function|word10|word5,0.03662131354212761,2,0.0075642429292202,2,190.14103631066092,5,0.6740838885307312,1,0.06403612252369524,1
SHC011,6659,ieepa_action,candidate,2,C01,1906,bm25|word10|word5,0.06450939923524857,1,0.03423099219799042,1,238.66586448333481,1,0.5242635011672974,526,0.05088681251049069,2
SHC011,6659,ieepa_action,candidate,3,C07,6704,bm25,0.00571625679731369,62,0.0,2648,198.7501622882739,4,,,0.02419099753008693,31
SHC012,6162,ieepa_action,candidate,1,C25,6336,bm25|function|word10|word5,0.41055312752723694,1,0.2867285907268524,1,815.9389375186506,1,0.784619927406311,1,0.06557377049180328,1
SHC012,6162,ieepa_action,candidate,2,C05,6460,bm25|function|word10|word5,0.27447518706321716,3,0.1928262859582901,3,651.7025202544863,3,0.7383784055709839,3,0.06349206349206349,3
SHC012,6162,ieepa_action,candidate,3,C12,6425,bm25|function|word10|word5,0.29823750257492065,2,0.1981869637966156,2,719.0165819299389,2,0.7647413015365601,2,0.06451612903225806,2
SHC013,4756,ieepa_action,candidate,1,C06,546,bm25|word10|word5,0.40668410062789917,1,0.26189762353897095,1,349.5716241860507,1,0.5722320079803467,186,0.05324536851925896,7
SHC013,4756,ieepa_action,candidate,2,C02,4809,word10|word5,0.059155359864234924,5,0.024574177339673042,4,142.6226106200284,22,0.6593486666679382,19,0.055862965183936165,4
SHC013,4756,ieepa_action,candidate,3,C21,4895,function,0.03770558536052704,31,0.006636534817516804,53,149.7255110014498,12,0.7098605632781982,4,0.04935245740002377,14
SHC014,5968,ieepa_action,candidate,1,C08,6037,bm25|function|word10|word5,0.2498367428779602,1,0.1833064705133438,1,653.847758926408,1,0.7711457014083862,4,0.06480532786885246,1
SHC014,5968,ieepa_action,candidate,2,C04,6570,bm25|word10|word5,0.09681903570890427,5,0.06412305682897568,5,513.5568641046727,3,,,0.04664224664224664,23
SHC014,5968,ieepa_action,candidate,3,C14,6162,bm25|function|word10|word5,0.13600140810012817,2,0.0810062363743782,2,555.5035092957526,2,0.7530912160873413,5,0.06377171215880893,2
SHC015,4809,ieepa_action,candidate,1,C11,4895,function,0.23055362701416016,10,0.049322277307510376,31,101.33492542016886,19,0.762738049030304,4,0.05355795312282654,12
SHC015,4809,ieepa_action,candidate,2,C06,5004,function|word10|word5,0.2589871883392334,3,0.10970514267683029,3,101.55654834775898,17,0.8035047650337219,1,0.06112648735599555,2
SHC015,4809,ieepa_action,candidate,3,C12,4933,bm25|word10|word5,0.2782469391822815,1,0.11080373823642731,2,133.22073330158088,1,0.73507159948349,10,0.06320163178968044,1
SHC016,5607,ieepa_action,candidate,1,C07,1495,word10|word5,0.052876174449920654,3,0.0238934438675642,3,210.61172939690434,10,0.5885144472122192,173,0.05032359152530826,5
SHC016,5607,ieepa_action,candidate,2,C10,1689,bm25|word10|word5,0.050694581121206284,4,0.01700393669307232,4,241.57626239078928,3,0.5153093338012695,816,0.0482645683844314,6
SHC016,5607,ieepa_action,candidate,3,C12,6036,function,0.023898828774690628,11,0.0013245631707832217,50,201.6434510479035,12,0.8171869516372681,1,0.05345774764500232,3
SHC017,6425,ieepa_action,candidate,1,C15,6460,bm25|function|same_family_recent|word10|word5,0.3259206712245941,1,0.22077856957912445,1,838.0910926216507,1,0.7682251930236816,1,0.06557377049180328,1
SHC017,6425,ieepa_action,candidate,2,C19,6570,bm25|word10|word5,0.27301672101020813,2,0.17843326926231384,2,773.3319616285747,2,,,0.04838709677419355,9
SHC017,6425,ieepa_action,candidate,3,C17,6657,bm25|word10|word5,0.13180814683437347,3,0.07027018070220947,3,597.3397688451417,3,,,0.047619047619047616,10
SHC018,5143,ieepa_action,candidate,1,C14,5146,bm25|function|same_family_recent|word10|word5,0.6263830661773682,1,0.5292065739631653,1,507.5375890694446,1,0.7281962633132935,2,0.06530936012691697,1
SHC018,5143,ieepa_action,candidate,2,C19,5171,bm25|function|word10|word5,0.3662900924682617,2,0.302835613489151,2,300.2440187638947,4,0.7596327066421509,1,0.06427650713907986,2
SHC018,5143,ieepa_action,candidate,3,C06,5152,bm25|word10|word5,0.2602936327457428,4,0.17372842133045197,3,316.19535915454753,3,0.6910622715950012,8,0.062076914098972924,3
SHC019,6036,ieepa_action,candidate,1,C03,6044,bm25|function|word10|word5,0.3860257565975189,1,0.31390702724456787,1,306.2990907990862,1,0.6612752676010132,1,0.06557377049180328,1
SHC019,6036,ieepa_action,candidate,2,C21,11062,function,0.003307570703327656,259,0.0,5793,97.63747695057822,100,0.615001916885376,5,0.024940264177105587,61
SHC019,6036,ieepa_action,candidate,3,C10,1496,function,0.003307570703327656,257,0.0,153,117.95066197682468,34,0.6264846920967102,3,0.034360723558599586,33
SHC020,6037,ieepa_action,candidate,1,C19,6162,bm25|function|word10|word5,0.11459951102733612,1,0.06757500767707825,1,582.1668858883404,1,0.7573952674865723,3,0.06505334374186833,1
SHC020,6037,ieepa_action,candidate,2,C16,6336,function|word10|word5,0.08602113276720047,3,0.053629808127880096,3,515.716134731157,6,0.7677662372589111,2,0.06302657915561141,4
SHC020,6037,ieepa_action,candidate,3,C01,6425,bm25|function|word10|word5,0.07530754804611206,5,0.04486624151468277,5,528.6214422649,3,0.7734335660934448,1,0.06303568926519747,3
SHC021,4928,property_blocking,candidate,1,C21,4946,bm25|function|word10|word5,0.05305773764848709,2,0.029064718633890152,1,209.47596389157385,4,0.6525699496269226,1,0.06454091750396615,1
SHC021,4928,property_blocking,candidate,2,C09,4977,rrf_fill,0.023605743423104286,40,0.00872686505317688,30,187.97418051268366,19,0.638848602771759,6,0.04892085411072753,6
SHC021,4928,property_blocking,candidate,3,C01,4998,rrf_fill,0.035209041088819504,9,0.014925174415111542,9,149.784643522028,171,0.6251116394996643,14,0.04682802508889466,7
SHC022,829,property_blocking,candidate,1,C05,845,bm25|function|word10|word5,0.38723424077033997,1,0.3267732858657837,1,640.5882695524759,1,0.7217180728912354,1,0.06557377049180328,1
SHC022,829,property_blocking,candidate,2,C04,866,bm25|function|word10|word5,0.25047969818115234,2,0.18717238306999207,2,485.6399328947415,4,0.6847695112228394,5,0.06326767990074442,2
SHC022,829,property_blocking,candidate,3,C03,838,same_family_recent|word10|word5,0.19970305263996124,5,0.14429815113544464,5,479.21653563638154,8,0.6716613173484802,12,0.05936400201106083,4
SHC023,348,property_blocking,candidate,1,C09,351,bm25|same_family_recent|word10|word5,0.8017752766609192,1,0.6679246425628662,2,504.1474265988713,1,0.7524461150169373,6,0.06406743265548132,1
SHC023,348,property_blocking,candidate,2,C24,353,bm25|function|same_family_recent|word10|word5,0.7658900022506714,2,0.7014877200126648,1,488.7648808010832,2,0.7635537981987,5,0.06403612252369524,2
SHC023,348,property_blocking,candidate,3,C04,354,bm25|function|word10|word5,0.684089720249176,3,0.5648816227912903,3,366.61496274638824,4,0.7759535312652588,1,0.06376447436898257,3
SHC024,650,property_blocking,candidate,1,C23,25,bm25|function,0.006380682811141014,33,0.0,245,373.98849014558766,3,0.5868111848831177,3,0.04577740844266492,3
SHC024,650,property_blocking,candidate,2,C19,727,word10,0.008482365868985653,19,0.0037880470044910908,5,249.92269070759704,261,0.5310783982276917,37,0.0414673863807399,10
SHC024,650,property_blocking,candidate,3,C12,651,bm25|function|word5,0.014118744060397148,1,0.000553587160538882,135,351.84355551955247,5,0.5994898676872253,1,0.05329970575872216,2
SHC025,1019,property_blocking,candidate,1,C14,1023,bm25|function|same_family_recent|word10|word5,0.577558696269989,1,0.49322089552879333,1,708.9360754110803,1,0.7630833387374878,1,0.06557377049180328,1
SHC025,1019,property_blocking,candidate,2,C11,1037,function|word10|word5,0.3282586634159088,5,0.24755287170410156,5,504.0007008580361,6,0.7134485244750977,4,0.06154574592074592,5
SHC025,1019,property_blocking,candidate,3,C15,1020,bm25|function|same_family_recent|word10|word5,0.38728100061416626,3,0.32726597785949707,2,580.0999717298232,3,0.7260540723800659,2,0.06400409626216078,2
SHC026,5889,property_blocking,candidate,1,C13,5959,bm25|function|word10|word5,0.3807341456413269,1,0.26909780502319336,1,539.997650631584,1,0.7062752842903137,1,0.06557377049180328,1
SHC026,5889,property_blocking,candidate,2,C03,1350,word10|word5,0.06462825834751129,2,0.028526755049824715,3,248.13493942095755,6,0.5298325419425964,223,0.05068713218718918,6
SHC026,5889,property_blocking,candidate,3,C11,1554,bm25|word10|word5,0.060746267437934875,3,0.02698052115738392,4,294.64110991767467,2,0.5441105365753174,131,0.052862650225321224,4
SHC027,1547,property_blocking,candidate,1,C21,1566,bm25|function|word10|word5,0.5672906041145325,1,0.4863434433937073,1,369.72168990942373,1,0.76285320520401,1,0.06557377049180328,1
SHC027,1547,property_blocking,candidate,2,C11,1554,bm25|word10|word5,0.4340628683567047,4,0.3285401463508606,4,310.3643637599426,3,0.6835553646087646,6,0.062274531024531024,4
SHC027,1547,property_blocking,candidate,3,C03,1573,bm25|function|word10|word5,0.4557960033416748,3,0.3292900025844574,3,322.10242447927783,2,0.6974301338195801,3,0.06374807987711213,2
SHC028,6742,property_blocking,candidate,1,C18,2124,rrf_fill,0.0020238382276147604,11,0.0,200,202.3089693566332,33,0.5611230731010437,156,0.03331297869008001,3
SHC028,6742,property_blocking,candidate,2,C11,2142,rrf_fill,0.002422101330012083,8,0.0,218,210.8914018286033,17,0.4719485640525818,733,0.03255105169003173,5
SHC028,6742,property_blocking,candidate,3,C17,2208,same_family_recent,0.00032148108584806323,443,0.0,283,169.6581279729566,214,0.5022619962692261,488,0.010377976020364797,276
SHC029,380,property_blocking,candidate,1,C24,395,bm25|word10|word5,0.6066524386405945,1,0.49747273325920105,1,442.4877287644452,4,0.7208044528961182,48,0.0576711445051609,3
SHC029,380,property_blocking,candidate,2,C04,470,word10|word5,0.5728772878646851,2,0.47137966752052307,2,410.15608827090267,32,0.737223207950592,26,0.05475553671026452,7
SHC029,380,property_blocking,candidate,3,C10,381,same_family_recent|word10|word5,0.5545200109481812,5,0.4167915880680084,5,432.7729870170045,11,0.7414591312408447,23,0.05690193058256863,4
SHC030,592,property_blocking,candidate,1,C23,611,bm25|word10|word5,0.6659616231918335,1,0.5815936326980591,1,518.1707046979316,1,0.6854622960090637,34,0.059818625741192885,2
SHC030,592,property_blocking,candidate,2,C05,727,word10|word5,0.4427981376647949,2,0.3063800632953644,2,370.91330946857744,6,0.6159284710884094,88,0.05416633642440094,6
SHC030,592,property_blocking,candidate,3,C18,609,word10,0.41072383522987366,13,0.2976871430873871,3,349.05641040546317,21,0.6749833226203918,39,0.052018335123357955,12
SHC031,4657,property_blocking,candidate,1,C25,5014,bm25|word5,0.23633110523223877,3,0.14089933037757874,6,297.68132500862794,1,0.5490209460258484,217,0.05102808195073094,9
SHC031,4657,property_blocking,candidate,2,C13,734,bm25|word10|word5,0.3533056974411011,1,0.26861152052879333,1,276.0448210742159,2,0.6261914372444153,13,0.06261454764095245,2
SHC031,4657,property_blocking,candidate,3,C12,697,word10|word5,0.23586849868297577,4,0.17859899997711182,2,197.13697006518433,11,0.5835132002830505,99,0.052127847476418666,5
SHC032,4680,property_blocking,candidate,1,C21,4688,bm25|same_family_recent|word10|word5,0.27338752150535583,1,0.16366885602474213,1,192.96292990088284,1,0.6993504166603088,33,0.05993301604089547,1
SHC032,4680,property_blocking,candidate,2,C11,4693,bm25,0.11214788258075714,21,0.05241945758461952,13,137.75434164409532,4,0.7410228848457336,18,0.054489821969844796,8
SHC032,4680,property_blocking,candidate,3,C07,5060,word10|word5,0.15118393301963806,5,0.06799570471048355,4,114.05373644399035,21,0.711272656917572,27,0.05484954727052428,7
SHC033,351,property_blocking,candidate,1,C03,353,bm25|function|same_family_recent|word10|word5,0.5421167612075806,1,0.43330681324005127,1,505.1547965676056,1,0.724216639995575,1,0.06557377049180328,1
SHC033,351,property_blocking,candidate,2,C14,354,bm25|function|same_family_recent|word10|word5,0.47729480266571045,2,0.33982643485069275,2,381.2469336178172,4,0.692136287689209,2,0.06401209677419355,2
SHC033,351,property_blocking,candidate,3,C05,734,bm25|word10|word5,0.3825699985027313,5,0.23692677915096283,5,381.74056532896026,3,0.6758968830108643,11,0.060726753684500166,3
SHC034,981,property_blocking,candidate,1,C09,1200,rrf_fill,0.346210241317749,14,0.22081047296524048,14,475.6216656204279,8,0.7048546671867371,15,0.05506624271330154,14
SHC034,981,property_blocking,candidate,2,C25,1006,bm25|same_family_recent|word5,0.5034253597259521,5,0.34128305315971375,8,497.17189653958013,3,0.7315667271614075,8,0.06066939596351361,6
SHC034,981,property_blocking,candidate,3,C05,1019,word10|word5,0.5204182863235474,3,0.37103748321533203,4,483.12359186553084,7,0.7303109169006348,9,0.06091614263053263,5
SHC035,584,property_blocking,candidate,1,C04,611,bm25|word10|word5,0.6430778503417969,2,0.5765352845191956,2,410.2477515637339,2,0.7025177478790283,9,0.06287985039738195,2
SHC035,584,property_blocking,candidate,2,C06,592,bm25|function|same_family_recent|word10|word5,0.6762922406196594,1,0.6283354759216309,1,420.1489179085053,1,0.7591042518615723,1,0.06557377049180328,1
SHC035,584,property_blocking,candidate,3,C16,727,word10|word5,0.42808693647384644,3,0.310474157333374,3,288.11189173646864,10,0.5889442563056946,128,0.05135089496791624,9
SHC036,1206,property_blocking,candidate,1,C21,1224,bm25|function|same_family_recent|word10|word5,0.33760660886764526,1,0.24998492002487183,1,487.60327563653414,1,0.7972961664199829,1,0.06557377049180328,1
SHC036,1206,property_blocking,candidate,2,C10,1321,bm25|function|word10|word5,0.21720881760120392,2,0.16032594442367554,2,328.54999461884364,4,0.7534471750259399,3,0.0637560803891449,2
SHC036,1206,property_blocking,candidate,3,C14,1290,rrf_fill,0.15438617765903473,13,0.09549053758382797,15,286.717111832556,16,0.6682099103927612,24,0.052094620111923645,15
SHC037,4715,property_blocking,candidate,1,C10,4739,rrf_fill,0.05295238271355629,12,0.017634106799960136,28,128.73017543979466,38,0.6572292447090149,10,0.0497423211708926,10
SHC037,4715,property_blocking,candidate,2,C01,4756,bm25|word10|word5,0.0825304314494133,1,0.06242194026708603,1,166.74757321054466,3,0.6460195183753967,15,0.06199323445225085,1
SHC037,4715,property_blocking,candidate,3,C17,5004,bm25|function,0.05307508632540703,11,0.021523350849747658,14,149.5542661706636,5,0.6834008693695068,1,0.05937607856333324,2
SHC038,5323,property_blocking,candidate,1,C06,1071,rrf_fill,0.042266614735126495,7,0.018744463101029396,7,146.45339410241024,20,0.518756628036499,325,0.044948148866059315,16
SHC038,5323,property_blocking,candidate,2,C14,5460,bm25|function|word10|word5,0.08355657011270523,2,0.04204009473323822,2,192.4271674894651,2,0.6881611943244934,1,0.06478053939714437,1
SHC038,5323,property_blocking,candidate,3,C18,1037,same_family_recent,0.03782070428133011,9,0.005008079577237368,23,159.63493886509684,8,0.5622099041938782,70,0.048939136439521615,11
SHC039,5448,property_blocking,candidate,1,C06,5457,bm25|word10|word5,0.10155220329761505,1,0.0781129002571106,1,414.0855752772301,1,,,0.04918032786885246,4
SHC039,5448,property_blocking,candidate,2,C03,5554,function,0.01950949616730213,7,0.0022385474294424057,10,103.840084549999,117,0.7178854942321777,2,0.05098983719223145,3
SHC039,5448,property_blocking,candidate,3,C01,6041,bm25,0.01324056088924408,21,0.0,3894,207.83418303119709,4,0.6215229034423828,23,0.04027178023057215,16
SHC040,10318,property_blocking,candidate,1,C10,10349,function,0.014077580533921719,341,0.0,5605,63.427210444758614,406,0.6718771457672119,4,0.020441210839435623,80
SHC040,10318,property_blocking,candidate,2,C25,10391,function,0.014077580533921719,342,0.0,5639,64.07871115051934,380,0.7221563458442688,1,0.021329201465325905,65
SHC040,10318,property_blocking,candidate,3,C08,10569,word10|word5,0.057037487626075745,3,0.031409211456775665,3,82.13500876451113,101,0.5446871519088745,598,0.03947696870916112,6
SHC041,10008,emergency_action,candidate,1,C18,10058,bm25|function|word10|word5,0.6200183629989624,1,0.5556960701942444,1,290.362207283934,1,0.7524290680885315,1,0.06557377049180328,1
SHC041,10008,emergency_action,candidate,2,C02,10051,bm25|word10|word5,0.2972567677497864,5,0.1800011545419693,4,250.13199011277035,2,0.6657807230949402,9,0.06163140126586831,4
SHC041,10008,emergency_action,candidate,3,C16,10050,function|word10|word5,0.4487287998199463,2,0.3393157422542572,2,240.22986635209418,9,0.7201916575431824,2,0.06287985039738195,2
SHC042,5616,emergency_action,candidate,1,C12,5727,bm25|function|word10|word5,0.8592778444290161,1,0.8332764506340027,1,348.74805321033733,1,0.816521167755127,1,0.06557377049180328,1
SHC042,5616,emergency_action,candidate,2,C25,5911,function|word10|word5,0.4151475131511688,2,0.3532375395298004,2,178.14764548381086,26,0.8028655052185059,2,0.06001500375093773,2
SHC042,5616,emergency_action,candidate,3,C06,5975,word10|word5,0.3955979645252228,4,0.33606383204460144,4,203.5753407069622,10,0.3845679759979248,4968,0.04573460052278668,9
SHC043,5659,emergency_action,candidate,1,C07,5769,bm25|function|word10|word5,0.8869908452033997,1,0.8123083710670471,1,421.09195085288985,1,0.8472362756729126,1,0.06557377049180328,1
SHC043,5659,emergency_action,candidate,2,C04,5851,bm25|function|word10|word5,0.8430269360542297,2,0.7244867086410522,2,415.5331603264855,2,0.8405141830444336,3,0.06426011264720942,2
SHC043,5659,emergency_action,candidate,3,C10,5943,bm25|function|word10|word5,0.6571040153503418,4,0.5054103136062622,4,369.1441076605257,3,0.8415793180465698,2,0.06325204813108039,3
SHC044,4939,emergency_action,candidate,1,C01,4966,bm25|word10|word5,0.509516716003418,1,0.4525590240955353,1,231.55396548895945,1,0.7450717687606812,7,0.06410570100318082,1
SHC044,4939,emergency_action,candidate,2,C17,4970,bm25|word10|word5,0.509516716003418,2,0.4525590240955353,2,227.41982118945438,3,0.7080961465835571,18,0.06095159320965772,4
SHC044,4939,emergency_action,candidate,3,C10,5005,bm25|word10|word5,0.509516716003418,4,0.4525590240955353,4,227.02742308088506,4,0.7283311486244202,12,0.06076388888888889,5
SHC045,11373,emergency_action,candidate,1,C10,11381,bm25|function|same_family_recent|word10|word5,0.5708653926849365,1,0.4742581248283386,1,425.806278804251,1,0.7504734992980957,2,0.06530936012691697,1
SHC045,11373,emergency_action,candidate,2,C15,11385,bm25|function|word10|word5,0.37213772535324097,2,0.24797531962394714,2,377.5138590149864,2,0.7624173164367676,1,0.06478053939714437,2
SHC045,11373,emergency_action,candidate,3,C09,11434,rrf_fill,0.010449766181409359,16,0.00266381842084229,12,75.74012817315223,102,0.44575610756874084,805,0.03437569249606568,12
SHC046,6509,emergency_action,candidate,1,C01,6566,bm25|function|same_family_recent|word10|word5,0.7880948781967163,1,0.6779497265815735,1,362.83611502803296,1,0.8670412302017212,2,0.06530936012691697,1
SHC046,6509,emergency_action,candidate,2,C03,6655,bm25|function|word10|word5,0.734368622303009,2,0.6664753556251526,2,357.535851578588,2,0.8830044269561768,1,0.06478053939714437,2
SHC046,6509,emergency_action,candidate,3,C05,6572,bm25|word10|word5,0.330477237701416,4,0.2431507408618927,4,219.04420089530345,4,0.5066694617271423,23,0.058923192771084335,3
SHC047,6741,emergency_action,candidate,1,C07,6767,bm25,0.007265210617333651,10,0.0,2534,84.20987083023384,3,0.5120594501495361,262,0.03364982523240711,4
SHC047,6741,emergency_action,candidate,2,C10,6814,rrf_fill,0.007265210617333651,13,0.0,2570,77.11626327803461,11,0.4784880578517914,627,0.029618969391813365,7
SHC047,6741,emergency_action,candidate,3,C11,6971,bm25,0.006810828112065792,20,0.0,2697,82.21019690855782,4,0.5233153104782104,180,0.03265437976060936,5
SHC048,9936,emergency_action,candidate,1,C16,9975,bm25|word10|word5,0.1820930391550064,1,0.12144625186920166,1,165.06300333183302,1,0.48336830735206604,897,0.0502252599482673,1
SHC048,9936,emergency_action,candidate,2,C11,1302,bm25,0.034613773226737976,21,0.0,412,98.75686199814679,2,0.5800233483314514,10,0.04487906962392109,4
SHC048,9936,emergency_action,candidate,3,C10,10721,rrf_fill,0.021473059430718422,144,0.006202567368745804,93,68.85782106024965,56,0.5722296237945557,16,0.03321649288874654,11
SHC049,5163,emergency_action,candidate,1,C21,5231,bm25|function|word10|word5,0.8836751580238342,1,0.7883684635162354,1,337.14955601164314,1,0.8642523884773254,2,0.06530936012691697,1
SHC049,5163,emergency_action,candidate,2,C17,5289,bm25|function|word10|word5,0.5877014398574829,4,0.4705944359302521,3,273.7235954700734,2,0.8245433568954468,4,0.06325204813108039,3
SHC049,5163,emergency_action,candidate,3,C10,5362,bm25|function|word10|word5,0.6140678524971008,2,0.4921710789203644,2,266.8032676713322,3,0.8729740381240845,1,0.06452452301209573,2
SHC050,5536,emergency_action,candidate,1,C20,5716,bm25|function|word10|word5,0.6066614985466003,1,0.4601517915725708,1,314.32289807468726,1,0.8247374296188354,1,0.06557377049180328,1
SHC050,5536,emergency_action,candidate,2,C13,5876,bm25|function|word10|word5,0.4279519319534302,3,0.3234619200229645,3,252.0487512396864,5,0.7059942483901978,2,0.06325967938871165,2
SHC050,5536,emergency_action,candidate,3,C06,5578,word10,0.3706822395324707,19,0.2770955264568329,5,229.61693006034454,19,0.6649014949798584,15,0.05403440441415125,12
SHC051,4881,emergency_action,candidate,1,C09,4929,bm25|function|word10|word5,0.7741724252700806,2,0.6903695464134216,2,373.3169060131426,2,0.800428569316864,2,0.06451612903225806,2
SHC051,4881,emergency_action,candidate,2,C15,4973,bm25|function|word10|word5,0.7869157791137695,1,0.70467609167099,1,373.4187090919727,1,0.8478128910064697,1,0.06557377049180328,1
SHC051,4881,emergency_action,candidate,3,C06,4911,rrf_fill,0.39843255281448364,9,0.3332017660140991,9,207.60463060066684,7,0.679559588432312,40,0.05391088038070517,11
SHC052,6337,emergency_action,candidate,1,C04,6466,bm25|function|word10|word5,0.7870171070098877,1,0.6491356492042542,1,377.26880395415253,1,0.8376976847648621,3,0.06505334374186833,1
SHC052,6337,emergency_action,candidate,2,C14,6572,bm25|function|word10|word5,0.6926708221435547,2,0.5509660840034485,2,354.922953879981,2,0.8454104065895081,2,0.06451612903225806,2
SHC052,6337,emergency_action,candidate,3,C03,6741,bm25|function|word10|word5,0.6176983118057251,3,0.4350699782371521,3,346.4214361898022,3,0.8670166730880737,1,0.06401249024199844,3
SHC053,503,emergency_action,candidate,1,C06,508,bm25|word10|word5,0.10683629661798477,1,0.02669379860162735,1,118.11975149916566,2,0.5454248785972595,16,0.06207381224080826,1
SHC053,503,emergency_action,candidate,2,C02,15030,word10|word5,0.05192306265234947,5,0.005518862511962652,5,82.07150337354078,11,0.5449517369270325,17,0.05784075079849728,2
SHC053,503,emergency_action,candidate,3,C05,12134,word10|word5,0.05332856625318527,4,0.010056418366730213,4,81.85465554983391,13,0.45258674025535583,2006,0.04543265724250421,5
SHC054,314,emergency_action,candidate,1,C05,460,bm25|function,0.05467018112540245,11,0.016863761469721794,49,408.7535217663905,4,0.6621933579444885,1,0.055277261591809845,9
SHC054,314,emergency_action,candidate,2,C18,387,bm25|word10|word5,0.058890458196401596,5,0.030450517311692238,5,425.4425882496277,1,0.6119990348815918,36,0.05757934005884826,5
SHC054,314,emergency_action,candidate,3,C07,546,bm25,0.05152883753180504,21,0.016215629875659943,54,405.1726655968009,5,0.5941506624221802,62,0.04469894553299788,24
SHC055,11348,emergency_action,candidate,1,C21,11371,bm25|function|same_family_recent|word10|word5,0.6543629169464111,2,0.58796626329422,1,451.64308662527196,2,0.8776275515556335,1,0.06504494976203068,1
SHC055,11348,emergency_action,candidate,2,C04,11373,bm25|function|word10|word5,0.656933605670929,1,0.558906614780426,2,466.5998970931616,1,0.7970536351203918,2,0.06504494976203068,2
SHC055,11348,emergency_action,candidate,3,C18,11381,bm25|function|word10|word5,0.5116283297538757,3,0.3921732008457184,3,390.30434256819586,3,0.7141895294189453,3,0.06349206349206349,3
SHC056,1462,emergency_action,candidate,1,C04,1472,bm25|same_family_recent|word10|word5,0.48820799589157104,1,0.3670019805431366,1,356.1135679225966,1,,,0.04918032786885246,21
SHC056,1462,emergency_action,candidate,2,C18,1485,bm25,0.31385308504104614,6,0.17842619121074677,9,330.67153652986536,3,0.6299268007278442,26,0.05714519162446362,9
SHC056,1462,emergency_action,candidate,3,C03,1497,rrf_fill,0.2801062762737274,10,0.20192956924438477,7,299.5090599560655,7,0.679399311542511,10,0.058422174840085286,6
SHC057,1876,emergency_action,candidate,1,C18,1906,function|same_family_recent|word10|word5,0.07602670788764954,1,0.04679342359304428,1,199.50522950729945,7,0.620669960975647,2,0.06384129063829451,1
SHC057,1876,emergency_action,candidate,2,C23,2214,bm25|function|word10|word5,0.05827551707625389,2,0.014669237658381462,3,304.6149729132582,1,0.597095251083374,5,0.0637801061386466,2
SHC057,1876,emergency_action,candidate,3,C25,2208,bm25|function|word10|word5,0.03863384574651718,5,0.010403930209577084,5,257.42427305756075,2,0.6250553727149963,1,0.06329170565024611,3
SHC058,460,emergency_action,candidate,1,C05,475,bm25,0.12649579346179962,27,0.07614056020975113,26,365.96431195648665,5,0.5583414435386658,144,0.04340873601923652,31
SHC058,460,emergency_action,candidate,2,C25,476,bm25,0.12248477339744568,33,0.07251513749361038,33,369.9345408273111,2,0.5991985201835632,64,0.0456989247311828,24
SHC058,460,emergency_action,candidate,3,C08,525,word10|word5,0.15258195996284485,3,0.10186295956373215,2,337.5914522801061,23,0.6322252154350281,16,0.05720813563900683,6
SHC059,4874,emergency_action,candidate,1,C11,4971,bm25|function|word10|word5,0.7248833775520325,1,0.6003426909446716,1,284.743782684763,1,0.853182315826416,1,0.06557377049180328,1
SHC059,4874,emergency_action,candidate,2,C06,4882,bm25|word10|word5,0.4840432405471802,5,0.404263436794281,2,203.3181122892582,3,0.6820049285888672,30,0.05849777462680689,4
SHC059,4874,emergency_action,candidate,3,C08,725,function,0.17889416217803955,181,0.11073055118322372,179,110.55306843497492,183,0.7729100584983826,2,0.02857773660728411,81
SHC060,4709,emergency_action,candidate,1,C09,4818,bm25|function|word10|word5,0.6215846538543701,1,0.4608120322227478,1,443.8817847909705,1,0.8383000493049622,2,0.06530936012691697,1
SHC060,4709,emergency_action,candidate,2,C21,4883,bm25|function|word10|word5,0.5124242901802063,3,0.33889833092689514,3,422.25676605143747,2,0.8274060487747192,3,0.06374807987711213,3
SHC060,4709,emergency_action,candidate,3,C02,4923,bm25|function|word10|word5,0.5361620187759399,2,0.39529889822006226,2,421.02820883799257,3,0.8814443349838257,1,0.06452452301209573,2
SHC061,17699,national_monument_action,candidate,1,C23,17756,bm25|same_family_recent|word10|word5,0.2675904631614685,1,0.2122645378112793,1,835.2098424670795,1,0.6921272277832031,17,0.06216734085586545,3
SHC061,17699,national_monument_action,candidate,2,C04,12583,function|word10,0.1127379983663559,6,0.07610584050416946,5,735.5964155568016,10,0.7268280982971191,2,0.06095087707990934,4
SHC061,17699,national_monument_action,candidate,3,C19,12419,bm25|word10|word5,0.13037452101707458,2,0.08741077780723572,2,756.2892709274334,5,0.7058571577072144,7,0.06256805303507278,1
SHC062,17756,national_monument_action,candidate,1,C08,13107,rrf_fill,0.06442058086395264,10,0.0392104908823967,11,878.0802219685681,13,0.6126009225845337,7,0.05699422459928247,8
SHC062,17756,national_monument_action,candidate,2,C17,12783,bm25|function|word5,0.07976856082677841,4,0.049166109412908554,6,995.5739202678278,1,0.620475709438324,4,0.06279495777446598,3
SHC062,17756,national_monument_action,candidate,3,C01,12583,bm25|function|word10|word5,0.08267401158809662,2,0.05637216940522194,2,982.6806373936688,4,0.6158168911933899,5,0.06326767990074442,2
SHC063,19609,national_monument_action,candidate,1,C04,14090,bm25|function|word10|word5,0.09787199646234512,1,0.060824599117040634,1,301.76271317872164,4,0.7191857099533081,5,0.06379650063051703,1
SHC063,19609,national_monument_action,candidate,2,C03,14089,bm25|word10|word5,0.09750933200120926,2,0.06005128473043442,2,295.53858722622266,5,0.7098472714424133,8,0.0623485622536856,2
SHC063,19609,national_monument_action,candidate,3,C18,15118,rrf_fill,0.03927788883447647,14,0.01889902912080288,19,198.58680880236074,32,0.7088802456855774,9,0.05153406020219449,11
SHC064,12745,national_monument_action,candidate,1,C09,12846,bm25|word10|word5,0.1406698226928711,1,0.0984971895813942,1,963.2578790747143,2,0.6406844854354858,14,0.06242943101747967,4
SHC064,12745,national_monument_action,candidate,2,C11,12783,bm25|function|same_family_recent|word10|word5,0.09325355291366577,4,0.05482732877135277,4,852.5210544793674,3,0.6921150088310242,2,0.06325204813108039,2
SHC064,12745,national_monument_action,candidate,3,C06,13107,function|word5,0.08280055224895477,5,0.04944021999835968,6,787.9365084439366,6,0.6625780463218689,4,0.06131264568764569,5
SHC065,14520,national_monument_action,candidate,1,C25,15013,bm25,0.1029181256890297,12,0.06359058618545532,18,177.2244776163942,5,0.6257073283195496,8,0.05679989944695827,2
SHC065,14520,national_monument_action,candidate,2,C23,15046,rrf_fill,0.10410919040441513,9,0.055208154022693634,30,144.16554597198706,28,0.6267054080963135,7,0.05189287423226424,8
SHC065,14520,national_monument_action,candidate,3,C07,14670,rrf_fill,0.09185077995061874,29,0.053068000823259354,36,160.53008523377883,16,0.6300379633903503,6,0.049962031611203696,10
SHC066,14438,national_monument_action,candidate,1,C09,14589,bm25|word10|word5,0.14608389139175415,1,0.08927278220653534,1,575.7610350636774,1,0.6695499420166016,13,0.06287895800583876,1
SHC066,14438,national_monument_action,candidate,2,C20,14704,rrf_fill,0.034174639731645584,11,0.01817128248512745,14,351.1750467430514,13,0.5569595098495483,79,0.04849089529706988,18
SHC066,14438,national_monument_action,candidate,3,C19,14491,same_family_recent|word10|word5,0.04914110526442528,2,0.032620083540678024,2,350.69602606774095,14,0.610807478427887,31,0.05676058901865354,3
SHC067,15896,national_monument_action,candidate,1,C09,15951,bm25|word10|word5,0.18193423748016357,1,0.15269127488136292,1,657.5037868084742,1,0.5623621940612793,45,0.05870413739266199,6
SHC067,15896,national_monument_action,candidate,2,C14,15953,bm25|word10|word5,0.15607964992523193,4,0.13109645247459412,4,620.4617195412723,4,0.6230412721633911,11,0.06095950704225352,5
SHC067,15896,national_monument_action,candidate,3,C08,15952,bm25|function|word10|word5,0.13437236845493317,5,0.1071593165397644,5,624.9970258880938,3,0.6554144620895386,3,0.06251526251526252,3
SHC068,14670,national_monument_action,candidate,1,C01,14846,bm25|function|word10|word5,0.08171188831329346,2,0.0369187667965889,2,345.3953707182563,5,0.6829604506492615,3,0.06351569577376029,2
SHC068,14670,national_monument_action,candidate,2,C18,14839,bm25|word10|word5,0.08824095129966736,1,0.04299958050251007,1,376.17589685090326,1,0.6587665677070618,9,0.06367308149204087,1
SHC068,14670,national_monument_action,candidate,3,C12,14890,bm25|word10|word5,0.06344777345657349,3,0.02513778954744339,3,367.6662516661024,2,0.5378010272979736,55,0.0565707161780093,8
SHC069,15054,national_monument_action,candidate,1,C03,15193,bm25|function|word10|word5,0.3034413456916809,2,0.255532443523407,2,336.374393816984,1,0.7059144377708435,3,0.06452452301209573,2
SHC069,15054,national_monument_action,candidate,2,C10,15206,bm25|function|word10|word5,0.2639651596546173,5,0.17561037838459015,5,279.5403626922089,4,0.6950704455375671,5,0.061778846153846156,5
SHC069,15054,national_monument_action,candidate,3,C16,15153,bm25|function|same_family_recent|word10|word5,0.27738434076309204,4,0.19289390742778778,4,283.0165904070837,3,0.7147186398506165,2,0.06325204813108039,4
SHC070,12888,national_monument_action,candidate,1,C04,13034,bm25|word10|word5,0.18876565992832184,1,0.14751243591308594,1,673.5204408941071,2,0.7096594572067261,10,0.06320163178968044,2
SHC070,12888,national_monument_action,candidate,2,C02,15952,bm25|word5,0.16549403965473175,3,0.11063244193792343,8,809.7314260001415,1,0.6763334274291992,14,0.06048585436242138,4
SHC070,12888,national_monument_action,candidate,3,C08,13030,bm25|function|same_family_recent|word10|word5,0.17412571609020233,2,0.1374993622303009,2,628.5595308830082,3,0.7500330209732056,1,0.06452452301209573,1
SHC071,13651,national_monument_action,candidate,1,C20,13946,word10|word5,0.17882058024406433,1,0.1453126221895218,1,431.0455627490149,22,0.5620421767234802,21,0.057327686209466835,7
SHC071,13651,national_monument_action,candidate,2,C24,9651,same_family_recent,0.004311724565923214,995,0.0,7744,352.1067852579322,44,0.44084632396698,1300,0.011426685447294138,168
SHC071,13651,national_monument_action,candidate,3,C22,15843,function|word10|word5,0.11727793514728546,4,0.07685986161231995,5,433.02173022399523,21,0.6161395907402039,3,0.059228310269976936,5
SHC072,14617,national_monument_action,candidate,1,C08,14670,function|word10|word5,0.27574267983436584,1,0.15238523483276367,1,248.0738029104999,11,0.7752729058265686,1,0.06326483491110599,1
SHC072,14617,national_monument_action,candidate,2,C01,14839,bm25|word10|word5,0.2282247543334961,2,0.14502787590026855,2,326.18338343102835,1,0.697592556476593,10,0.06293722142479413,4
SHC072,14617,national_monument_action,candidate,3,C09,14846,bm25|function|word10|word5,0.2020302563905716,3,0.12858927249908447,3,315.81631601300876,2,0.7169605493545532,5,0.06325967938871165,2
SHC073,15192,national_monument_action,candidate,1,C09,15206,bm25|function|same_family_recent|word10|word5,0.23719409108161926,4,0.1745220273733139,4,272.0271387492906,1,0.7339174151420593,1,0.06403688524590165,1
SHC073,15192,national_monument_action,candidate,2,C10,15214,bm25|word10|word5,0.28669825196266174,1,0.27345508337020874,1,223.43470081946867,2,0.3979822099208832,12,0.06280480639285504,2
SHC073,15192,national_monument_action,candidate,3,C02,15213,bm25|word10|word5,0.27399563789367676,3,0.2516785264015198,3,220.04262904315857,4,0.3832188844680786,16,0.06052892648287385,5
SHC074,14980,national_monument_action,candidate,1,C07,15054,bm25|function|word10|word5,0.45197412371635437,1,0.32620173692703247,1,430.38334748414474,1,0.8307833671569824,1,0.06557377049180328,1
SHC074,14980,national_monument_action,candidate,2,C03,15193,bm25|word10|word5,0.29492855072021484,3,0.20969422161579132,4,325.7483300691402,2,0.6982018351554871,9,0.062119801754268796,4
SHC074,14980,national_monument_action,candidate,3,C06,15017,function|same_family_recent|word10|word5,0.28455930948257446,4,0.21585406363010406,2,290.10746358723935,6,0.7444871068000793,4,0.06253054740957967,3
SHC075,14634,national_monument_action,candidate,1,C06,14670,bm25|function|same_family_recent|word10|word5,0.17763398587703705,1,0.08233017474412918,1,289.17642617995256,2,0.6956064701080322,3,0.06478893337698202,1
SHC075,14634,national_monument_action,candidate,2,C09,14839,bm25|function|word10|word5,0.1675880253314972,2,0.07110902667045593,4,300.3697438986609,1,0.7287981510162354,1,0.06454091750396615,2
SHC075,14634,national_monument_action,candidate,3,C17,14846,bm25|function|word5,0.12279965728521347,4,0.05567382276058197,12,253.21750221280396,4,0.7165825366973877,2,0.061267921146953404,3
SHC076,15953,national_monument_action,candidate,1,C08,16296,bm25|function|same_family_recent|word10|word5,0.18289069831371307,1,0.14623834192752838,1,499.16217623232353,2,0.8153403401374817,1,0.06530936012691697,1
SHC076,15953,national_monument_action,candidate,2,C10,19611,bm25|function,0.12416700273752213,17,0.09075628966093063,15,475.9818635758013,4,0.782696545124054,5,0.057329961704961706,8
SHC076,15953,national_monument_action,candidate,3,C19,19614,rrf_fill,0.12416700273752213,18,0.09075628966093063,16,457.64322224933176,9,0.690251350402832,28,0.051834797544179696,18
SHC077,17351,national_monument_action,candidate,1,C07,17626,bm25|word10,0.05416668578982353,7,0.04295764118432999,5,1020.08875588545,5,0.5924906134605408,66,0.05363111184006707,12
SHC077,17351,national_monument_action,candidate,2,C10,12419,function|word5,0.06195266544818878,5,0.035775620490312576,10,1003.8555072831791,10,0.7055749297142029,1,0.06034948657899478,3
SHC077,17351,national_monument_action,candidate,3,C05,17756,bm25|function|word10|word5,0.0768391564488411,3,0.04987471178174019,4,1027.8155455207868,4,0.6944687962532043,2,0.06325204813108039,1
SHC078,12413,national_monument_action,candidate,1,C09,12554,bm25|function|word10|word5,0.0952366292476654,2,0.08203821629285812,2,693.3443208569313,1,0.7057723999023438,5,0.06403612252369524,2
SHC078,12413,national_monument_action,candidate,2,C20,12512,bm25|function|word10|word5,0.10253676027059555,1,0.09222842007875443,1,648.4396933517406,5,0.7271522879600525,1,0.06456494325346784,1
SHC078,12413,national_monument_action,candidate,3,C14,12744,bm25|word5,0.09016550332307816,3,0.0742998793721199,7,661.6864301447791,4,0.6992157697677612,7,0.06134876214167259,3
SHC079,19607,national_monument_action,candidate,1,C04,14090,function|word10|word5,0.09903448075056076,1,0.06219180300831795,1,272.8492884985718,9,0.7245311737060547,1,0.06367308149204087,1
SHC079,19607,national_monument_action,candidate,2,C13,15053,function,0.03213446959853172,29,0.0054009160958230495,81,256.3802187191227,14,0.6839456558227539,5,0.047226282535868955,25
SHC079,19607,national_monument_action,candidate,3,C11,15118,function,0.04072664678096771,15,0.020394518971443176,19,203.8007819310482,32,0.7106218338012695,2,0.05299015865689042,10
SHC080,19611,national_monument_action,candidate,1,C13,14088,bm25|word10|word5,0.09594135731458664,5,0.0615670271217823,4,368.8410796610654,1,0.5820354223251343,69,0.05515499599206233,9
SHC080,19611,national_monument_action,candidate,2,C14,15053,function,0.032763123512268066,29,0.005494036711752415,75,241.7477708353375,15,0.7113622426986694,1,0.04837013841987134,22
SHC080,19611,national_monument_action,candidate,3,C18,14089,bm25|word10|word5,0.10060396045446396,1,0.062479857355356216,2,298.4323816093974,4,0.6865396499633789,6,0.06329899003253049,2
SHC081,12273,trade_proclamation,candidate,1,C08,15687,bm25|function|word10|word5,0.049347102642059326,3,0.020770303905010223,3,400.2118800795363,3,0.6139320731163025,1,0.06401249024199844,2
SHC081,12273,trade_proclamation,candidate,2,C19,12285,bm25|function|same_family_recent|word10|word5,0.056958235800266266,2,0.028631702065467834,2,427.48930818312573,1,0.6021340489387512,3,0.06452452301209573,1
SHC081,12273,trade_proclamation,candidate,3,C11,12284,bm25|same_family_recent|word10|word5,0.06034214049577713,1,0.031466044485569,1,407.8717077847908,2,0.5879920125007629,11,0.06300042454621968,3
SHC082,15094,trade_proclamation,candidate,1,C17,15104,bm25|function|same_family_recent|word10|word5,0.7634584903717041,1,0.6928775906562805,1,584.6433816738103,1,0.7539622783660889,1,0.06557377049180328,1
SHC082,15094,trade_proclamation,candidate,2,C03,15187,rrf_fill,0.2424914389848709,6,0.12887811660766602,7,373.18358872769966,8,0.6540096402168274,7,0.059708143773113044,6
SHC082,15094,trade_proclamation,candidate,3,C16,15149,bm25|word10|word5,0.27857497334480286,4,0.1476312130689621,4,411.2817058142546,4,0.6568461060523987,6,0.06202651515151515,3
SHC083,15574,trade_proclamation,candidate,1,C10,15701,function|word10|word5,0.5726824402809143,1,0.40227416157722473,1,319.17663431601574,6,0.7376880645751953,2,0.06406743265548132,1
SHC083,15574,trade_proclamation,candidate,2,C02,16359,bm25|word10|word5,0.4419221580028534,2,0.26693862676620483,2,337.7319378873451,3,0.7108100056648254,18,0.06095159320965772,2
SHC083,15574,trade_proclamation,candidate,3,C20,15763,word10,0.2697838246822357,8,0.1599481850862503,4,236.85895614653847,56,0.6599236726760864,71,0.04658515979437313,16
SHC084,17129,trade_proclamation,candidate,1,C05,17157,bm25|function|same_family_recent|word10|word5,0.8257369995117188,1,0.6842086911201477,1,370.32577408101145,1,0.7681546807289124,1,0.06557377049180328,1
SHC084,17129,trade_proclamation,candidate,2,C15,18543,bm25|word10|word5,0.44460099935531616,2,0.26144281029701233,2,274.58470479075726,2,0.6720538139343262,9,0.06287985039738195,2
SHC084,17129,trade_proclamation,candidate,3,C09,18775,bm25,0.282652348279953,8,0.06881590187549591,18,257.45001463942805,3,0.5487467050552368,77,0.05069868111946257,10
SHC085,14919,trade_proclamation,candidate,1,C05,14992,bm25|word5,0.21505862474441528,2,0.08819693326950073,11,356.6539613158579,2,0.6095818877220154,8,0.06104845391132373,2
SHC085,14919,trade_proclamation,candidate,2,C02,15019,bm25|function|word10|word5,0.2508948743343353,1,0.13756771385669708,2,361.22895170260756,1,0.6474384665489197,1,0.06530936012691697,1
SHC085,14919,trade_proclamation,candidate,3,C22,15067,bm25|word10|word5,0.20717817544937134,3,0.10736705362796783,5,326.27866594602926,4,0.572066605091095,20,0.059382631257631255,6
SHC086,13563,trade_proclamation,candidate,1,C22,15942,bm25|word5,0.19636210799217224,5,0.09199725091457367,7,311.37687046814614,5,,,0.04569460390355913,20
SHC086,13563,trade_proclamation,candidate,2,C02,15943,bm25|word5,0.21674615144729614,1,0.0928768739104271,6,318.16801570800413,4,0.6200684309005737,84,0.054114402218910417,7
SHC086,13563,trade_proclamation,candidate,3,C23,15687,word5,0.20232714712619781,3,0.07871636748313904,14,275.7640209236566,14,0.619154691696167,87,0.049702763988478275,11
SHC087,20003,trade_proclamation,candidate,1,C05,20017,bm25|function|same_family_recent|word10|word5,0.8664876818656921,1,0.7936272621154785,1,615.7813744596307,1,0.8374549150466919,1,0.06557377049180328,1
SHC087,20003,trade_proclamation,candidate,2,C10,20056,bm25|function|word10|word5,0.7060946822166443,2,0.5836573839187622,2,575.9140124814771,2,0.8193190097808838,2,0.06451612903225806,2
SHC087,20003,trade_proclamation,candidate,3,C02,14268,bm25|word10|word5,0.3519546091556549,3,0.228078231215477,4,408.4173391623355,3,0.6063117980957031,8,0.062076914098972924,4
SHC088,14905,trade_proclamation,candidate,1,C22,14944,bm25|function|word10|word5,0.7067065834999084,1,0.5619332194328308,1,640.3379068042246,1,0.7087759971618652,4,0.06480532786885246,1
SHC088,14905,trade_proclamation,candidate,2,C03,14987,bm25|function|word10|word5,0.333855539560318,3,0.18829815089702606,4,565.9187488454681,2,0.7921635508537292,1,0.06402049075403121,2
SHC088,14905,trade_proclamation,candidate,3,C23,15022,bm25|function|word10|word5,0.31893882155418396,4,0.20132963359355927,3,531.7230658371303,3,0.7103827595710754,3,0.06324404761904762,4
SHC089,18753,trade_proclamation,candidate,1,C17,18785,bm25|function|word10|word5,0.34812048077583313,1,0.25989463925361633,1,453.576200870002,1,0.6586172580718994,3,0.06505334374186833,1
SHC089,18753,trade_proclamation,candidate,2,C16,18870,bm25|word10|word5,0.1202554702758789,3,0.07106593996286392,3,352.43150074026613,3,0.620844304561615,47,0.05696484201157098,4
SHC089,18753,trade_proclamation,candidate,3,C01,18879,bm25|word10|word5,0.2232636958360672,2,0.15707121789455414,2,400.650048528203,2,0.5848125219345093,136,0.053489137590520076,8
SHC090,19790,trade_proclamation,none,1,C23,14280,function,0.04741215333342552,22,0.013249284587800503,30,159.49418606129964,17,0.670761227607727,2,0.05242227830740813,8
SHC090,19790,trade_proclamation,none,2,C19,20157,rrf_fill,0.05287625268101692,13,0.021387344226241112,14,156.6222924587983,20,0.6244783401489258,8,0.05441802600344099,6
SHC090,19790,trade_proclamation,none,3,C01,20108,rrf_fill,0.06151840463280678,6,0.02756119892001152,8,150.5228252544438,33,0.617932140827179,15,0.053943419009832676,7
SHC091,16208,trade_proclamation,candidate,1,C15,16641,bm25|function|word10|word5,0.2932257652282715,2,0.15563812851905823,2,462.1785385912816,3,0.7741773128509521,2,0.06426011264720942,2
SHC091,16208,trade_proclamation,candidate,2,C19,16511,bm25|function|word10|word5,0.30916956067085266,1,0.17423582077026367,1,481.44311023669934,2,0.7811727523803711,1,0.06530936012691697,1
SHC091,16208,trade_proclamation,candidate,3,C01,17093,bm25|function|word10|word5,0.24304816126823425,5,0.1107417568564415,5,444.7291936239408,5,0.7549092173576355,5,0.06153846153846154,4
SHC092,12443,trade_proclamation,candidate,1,C05,16401,function,0.0122545650228858,158,0.004982820712029934,160,255.5728503027297,32,0.7036268711090088,1,0.03639561834909942,13
SHC092,12443,trade_proclamation,candidate,2,C09,16386,function,0.014054431580007076,101,0.004982820712029934,153,183.67370119005625,229,0.6697685718536377,2,0.03049525567549604,31
SHC092,12443,trade_proclamation,candidate,3,C02,12995,bm25,0.015621720813214779,39,0.008318278938531876,36,338.59332431201824,1,0.607842206954956,87,0.04371384047906296,3
SHC093,19633,trade_proclamation,candidate,1,C03,14233,bm25|word10|word5,0.26398369669914246,1,0.12113427370786667,1,310.62151964739087,3,0.586599588394165,57,0.057206909665926065,3
SHC093,19633,trade_proclamation,candidate,2,C08,14283,bm25|word10|word5,0.2455279380083084,3,0.11568865925073624,3,319.50534570049183,2,0.5196788311004639,235,0.05126489451257084,7
SHC093,19633,trade_proclamation,candidate,3,C23,14265,bm25|word10|word5,0.2539103031158447,2,0.12011735141277313,2,324.63669039965134,1,0.5668508410453796,97,0.05502093389067221,4
SHC094,19822,trade_proclamation,candidate,1,C08,19851,bm25|function|word10|word5,0.55784010887146,1,0.40563103556632996,1,455.2698516215471,1,0.8429253101348877,1,0.06557377049180328,1
SHC094,19822,trade_proclamation,candidate,2,C14,14281,rrf_fill,0.07417873293161392,25,0.016847992315888405,50,148.841453020197,28,0.6546804308891296,20,0.0447192513368984,19
SHC094,19822,trade_proclamation,candidate,3,C22,14294,bm25,0.078043632209301,20,0.023073529824614525,24,190.52369917385764,3,,,0.04027777777777777,34
SHC095,14549,trade_proclamation,candidate,1,C17,14800,bm25|word10|word5,0.4160338342189789,1,0.25454679131507874,1,375.6903926000467,1,0.6043941378593445,18,0.06200084068936528,1
SHC095,14549,trade_proclamation,candidate,2,C04,14903,word5,0.35559478402137756,3,0.18730804324150085,7,328.52537567624813,10,0.6566014885902405,7,0.060009476427386875,3
SHC095,14549,trade_proclamation,candidate,3,C11,14908,rrf_fill,0.35226207971572876,6,0.18537688255310059,8,335.99841798341987,6,0.6475192308425903,11,0.059093419698225,5
SHC096,14234,trade_proclamation,candidate,1,C14,14295,bm25|function|word10|word5,0.4659186601638794,1,0.4029475748538971,1,435.0514930797148,1,0.6468235850334167,3,0.06505334374186833,1
SHC096,14234,trade_proclamation,candidate,2,C20,14283,bm25|function|word5,0.05536860227584839,4,0.02555999532341957,36,206.299191035916,5,0.6786247491836548,1,0.057819724674232874,3
SHC096,14234,trade_proclamation,candidate,3,C22,14265,bm25|same_family_recent|word5,0.05483519285917282,5,0.03330362215638161,13,211.74782773734546,3,0.6189301609992981,13,0.05865489153160386,2
SHC097,17054,trade_proclamation,candidate,1,C09,17093,bm25|function|word10|word5,0.619575560092926,1,0.4233640432357788,1,448.7831639983468,1,0.7808583974838257,1,0.06557377049180328,1
SHC097,17054,trade_proclamation,candidate,2,C08,17064,bm25|function|same_family_recent|word10|word5,0.45631712675094604,3,0.3176287114620209,3,426.0255875880047,4,0.7577486038208008,2,0.06350006400409626,3
SHC097,17054,trade_proclamation,candidate,3,C22,18278,bm25|function|word10|word5,0.521436870098114,2,0.32991263270378113,2,438.6365868294452,2,0.7467783689498901,3,0.06426011264720942,2
SHC098,15183,trade_proclamation,candidate,1,C15,15187,bm25|function|same_family_recent|word10|word5,0.8067226409912109,1,0.7374332547187805,1,464.866181613222,1,0.7279896140098572,3,0.06505334374186833,1
SHC098,15183,trade_proclamation,candidate,2,C24,15188,bm25|function|same_family_recent,0.5004217028617859,6,0.40804070234298706,6,457.2438431306111,2,0.6595278382301331,5,0.061816677945710205,4
SHC098,15183,trade_proclamation,candidate,3,C16,15195,bm25|word10|word5,0.6360552310943604,2,0.5323942303657532,2,444.269501549817,3,,,0.048131080389144903,16
SHC099,13943,trade_proclamation,candidate,1,C18,15220,bm25|function|word10|word5,0.8017775416374207,1,0.713132381439209,1,575.5894052814367,1,0.8326528668403625,1,0.06557377049180328,1
SHC099,13943,trade_proclamation,candidate,2,C21,15230,bm25|word10|word5,0.736863374710083,2,0.5925099849700928,2,445.18865693550487,3,0.7369669079780579,42,0.057935001957772354,4
SHC099,13943,trade_proclamation,candidate,3,C02,15245,bm25|word10|word5,0.3837603032588959,4,0.23460395634174347,4,383.5500810353333,4,0.6788278222084045,103,0.053009969325153374,7
SHC100,18198,trade_proclamation,candidate,1,C09,12090,bm25|function|word10|word5,0.10682281106710434,1,0.05049680918455124,1,403.8392033915298,1,0.8108921051025391,1,0.06557377049180328,1
SHC100,18198,trade_proclamation,candidate,2,C11,12227,bm25|function|word10|word5,0.07876450568437576,2,0.0472317673265934,2,327.06490242248987,5,0.7922598123550415,3,0.06351569577376029,2
SHC100,18198,trade_proclamation,candidate,3,C17,11980,bm25,0.056376803666353226,10,0.03188129886984825,9,352.6355597360507,3,0.5676072835922241,100,0.05090148378191856,12
